Date,Open,High,Low,Close,Adj Close,Volume
2012-01-02,1.17464,1.27253,1.17464,1.17464,1.17464,501474
2012-01-03,1.22358,1.27253,1.17464,1.17464,1.17464,573330
2012-01-04,1.22358,1.22358,1.1257,1.17464,1.17464,291206
2012-01-05,1.17464,1.22358,1.17464,1.17464,1.17464,131921
2012-01-08,1.22358,1.22358,1.1257,1.17464,1.17464,133988
2012-01-09,1.17464,1.22358,1.1257,1.22358,1.22358,98703
2012-01-10,1.17464,1.27253,1.17464,1.22358,1.22358,343974
2012-01-11,1.27253,1.3214700000000001,1.22358,1.27253,1.27253,436127
2012-01-12,1.3214700000000001,1.3704100000000001,1.27253,1.27253,1.27253,986959
2012-01-15,1.27253,1.27253,1.22358,1.22358,1.22358,251275
2012-01-16,1.22358,1.27253,1.22358,1.27253,1.27253,123644
2012-01-17,1.27253,1.3214700000000001,1.22358,1.3214700000000001,1.3214700000000001,112784
2012-01-18,1.3214700000000001,1.3214700000000001,1.22358,1.27253,1.27253,122934
2012-01-19,1.3214700000000001,1.3214700000000001,1.22358,1.22358,1.22358,218971
2012-01-22,1.22358,1.27253,1.22358,1.22358,1.22358,211709
2012-01-23,1.22358,1.27253,1.22358,1.22358,1.22358,123835
2012-01-24,1.17464,1.22358,1.1257,1.22358,1.22358,333986
2012-01-26,1.22358,1.22358,1.21379,1.21869,1.21869,84894
2012-01-29,1.21869,1.22358,1.19422,1.22358,1.22358,35587
2012-01-30,1.22358,1.22358,1.22358,1.22358,1.22358,0
2012-01-31,1.21379,1.22358,1.20401,1.22358,1.22358,126039
2012-02-01,1.22358,1.27253,1.21869,1.26274,1.26274,100129
2012-02-02,1.25295,1.26274,1.25295,1.26274,1.26274,34575
2012-02-05,1.25295,1.26274,1.23337,1.25295,1.25295,42342
2012-02-06,1.23337,1.23337,1.14038,1.15506,1.15506,209596
2012-02-07,1.15506,1.15506,1.10122,1.15506,1.15506,204263
2012-02-08,1.15506,1.1893200000000002,1.13059,1.16974,1.16974,64120
2012-02-09,1.22358,1.22358,1.10612,1.14038,1.14038,172518
2012-02-12,1.14527,1.15506,1.1257,1.1501700000000001,1.1501700000000001,125382
2012-02-13,1.15506,1.1991100000000001,1.10612,1.10612,1.10612,97807
2012-02-14,1.10612,1.10612,1.0278100000000001,1.06207,1.06207,121332
2012-02-15,1.07675,1.11101,1.05718,1.0669600000000001,1.0669600000000001,89825
2012-02-16,1.0669600000000001,1.07186,1.0327,1.04739,1.04739,192318
2012-02-19,1.0376,1.0376,0.9837600000000001,1.0278100000000001,1.0278100000000001,201041
2012-02-20,1.0327,1.07675,1.00823,1.07675,1.07675,191925
2012-02-21,1.08654,1.19422,1.08654,1.1501700000000001,1.1501700000000001,227882
2012-02-22,1.14527,1.14527,1.1257,1.14038,1.14038,97719
2012-02-23,1.16974,1.19422,1.1354799999999998,1.19422,1.19422,513139
2012-02-26,1.23337,1.3704100000000001,1.23337,1.3214700000000001,1.3214700000000001,1526432
2012-02-27,1.31168,1.33126,1.28721,1.3214700000000001,1.3214700000000001,639155
2012-02-28,1.35084,1.4291399999999999,1.35084,1.4291399999999999,1.4291399999999999,866897
2012-02-29,1.39978,1.41936,1.3704100000000001,1.3802,1.3802,380208
2012-03-01,1.39978,1.40957,1.3802,1.38999,1.38999,193009
2012-03-04,1.39978,1.40957,1.3802,1.40957,1.40957,263484
2012-03-05,1.40467,1.4291399999999999,1.39488,1.41936,1.41936,594595
2012-03-06,1.39488,1.39488,1.2921,1.34105,1.34105,680992
2012-03-07,1.34594,1.34594,1.22358,1.32636,1.32636,324808
2012-03-08,1.31657,1.4291399999999999,1.28231,1.4291399999999999,1.4291399999999999,666545
2012-03-11,1.38999,1.38999,1.3214700000000001,1.35084,1.35084,253069
2012-03-12,1.3802,1.3851,1.34105,1.3704100000000001,1.3704100000000001,143919
2012-03-13,1.3802,1.39488,1.33615,1.3606200000000002,1.3606200000000002,147118
2012-03-14,1.34105,1.34594,1.31168,1.34105,1.34105,275224
2012-03-15,1.35084,1.37531,1.2921,1.3214700000000001,1.3214700000000001,176694
2012-03-18,1.3606200000000002,1.3606200000000002,1.33126,1.33126,1.33126,27565
2012-03-19,1.35084,1.35084,1.31657,1.33126,1.33126,47606
2012-03-20,1.27742,1.3214700000000001,1.27742,1.30189,1.30189,92710
2012-03-21,1.34594,1.34594,1.28721,1.28721,1.28721,93249
2012-03-22,1.28231,1.2921,1.26274,1.2921,1.2921,83456
2012-03-25,1.2921,1.297,1.27253,1.2921,1.2921,50367
2012-03-26,1.2921,1.297,1.27253,1.2921,1.2921,89414
2012-03-27,1.2921,1.31168,1.27253,1.2921,1.2921,95204
2012-03-28,1.2921,1.31168,1.28721,1.30189,1.30189,39333
2012-03-29,1.2921,1.3214700000000001,1.27253,1.30189,1.30189,65246
2012-04-02,1.297,1.297,1.27253,1.2921,1.2921,82990
2012-04-03,1.31168,1.31657,1.2921,1.30189,1.30189,108463
2012-04-04,1.30189,1.31168,1.28721,1.297,1.297,155320
2012-04-05,1.28231,1.30189,1.27253,1.297,1.297,257398
2012-04-10,1.27253,1.28231,1.26763,1.27742,1.27742,85119
2012-04-11,1.25295,1.28231,1.23827,1.25295,1.25295,166442
2012-04-12,1.25784,1.25784,1.23827,1.23827,1.23827,63268
2012-04-13,1.24316,1.25295,1.23337,1.25295,1.25295,83073
2012-04-16,1.24316,1.24805,1.23337,1.23827,1.23827,89562
2012-04-17,1.22358,1.22358,1.1208,1.17464,1.17464,121264
2012-04-18,1.14527,1.14527,1.09633,1.14038,1.14038,246574
2012-04-19,1.1257,1.16485,1.1257,1.16485,1.16485,69447
2012-04-20,1.14527,1.1844299999999999,1.14527,1.1844299999999999,1.1844299999999999,94805
2012-04-23,1.16974,1.16974,1.11591,1.1354799999999998,1.1354799999999998,144657
2012-04-24,1.11101,1.11101,1.0180200000000001,1.0669600000000001,1.0669600000000001,414685
2012-04-26,1.0278100000000001,1.0669600000000001,0.99844,1.05718,1.05718,125918
2012-04-27,1.0278100000000001,1.0376,0.98865,1.00334,1.00334,152960
2012-04-30,0.98865,1.00334,0.9641799999999999,0.9641799999999999,0.9641799999999999,187394
2012-05-01,0.9641799999999999,0.99844,0.9641799999999999,0.97887,0.97887,86242
2012-05-02,0.97887,0.97887,0.95929,0.9641799999999999,0.9641799999999999,150255
2012-05-03,0.9495,0.9690799999999999,0.91035,0.95929,0.95929,179574
2012-05-04,0.91035,0.95929,0.90545,0.9201299999999999,0.9201299999999999,2455405
2012-05-07,0.9201299999999999,0.9201299999999999,0.8711899999999999,0.8711899999999999,0.8711899999999999,272412
2012-05-08,0.8809799999999999,0.9152399999999999,0.8614,0.9152399999999999,0.9152399999999999,240381
2012-05-09,0.9201299999999999,0.9201299999999999,0.8711899999999999,0.91035,0.91035,136863
2012-05-10,0.91035,0.93971,0.89566,0.89566,0.89566,137301
2012-05-11,0.8907700000000001,0.8907700000000001,0.85651,0.85651,0.85651,390019
2012-05-14,0.85651,0.8663,0.83693,0.8516100000000001,0.8516100000000001,181285
2012-05-15,0.8663,0.8711899999999999,0.82225,0.8711899999999999,0.8711899999999999,163237
2012-05-16,0.8124600000000001,0.88587,0.8124600000000001,0.8516100000000001,0.8516100000000001,57423
2012-05-17,0.83204,0.83204,0.76352,0.79288,0.79288,320994
2012-05-18,0.79288,0.82225,0.7733,0.80267,0.80267,42394
2012-05-21,0.82225,0.8418200000000001,0.8124600000000001,0.83204,0.83204,49246
2012-05-22,0.80267,0.8124600000000001,0.79288,0.8124600000000001,0.8124600000000001,190928
2012-05-23,0.79288,0.79288,0.78309,0.79288,0.79288,39103
2012-05-24,0.78309,0.78309,0.74883,0.74883,0.74883,25051
2012-05-25,0.75373,0.8075600000000001,0.75373,0.8075600000000001,0.8075600000000001,41105
2012-05-28,0.7733,0.81735,0.7733,0.78309,0.78309,31567
2012-05-29,0.78309,0.78309,0.7733,0.78309,0.78309,30648
2012-05-30,0.78309,0.78309,0.75373,0.78309,0.78309,32798
2012-05-31,0.76841,0.80267,0.76841,0.80267,0.80267,15886
2012-06-01,0.78309,0.78309,0.78309,0.78309,0.78309,11697
2012-06-04,0.76352,0.78309,0.75862,0.7782,0.7782,49865
2012-06-05,0.79288,0.79288,0.75373,0.78309,0.78309,118670
2012-06-06,0.78309,0.78799,0.7733,0.78799,0.78799,106965
2012-06-07,0.78799,0.79288,0.76841,0.76841,0.76841,83911
2012-06-08,0.79778,0.84672,0.79778,0.81735,0.81735,572390
2012-06-12,0.80267,0.80267,0.76352,0.76352,0.76352,53031
2012-06-13,0.76352,0.79778,0.75862,0.79778,0.79778,55002
2012-06-14,0.78309,0.78309,0.7733,0.7733,0.7733,72032
2012-06-15,0.78309,0.78309,0.7439399999999999,0.7439399999999999,0.7439399999999999,71877
2012-06-18,0.7439399999999999,0.76841,0.7439399999999999,0.75373,0.75373,42230
2012-06-19,0.76841,0.76841,0.73415,0.73415,0.73415,74787
2012-06-20,0.7390399999999999,0.76352,0.7390399999999999,0.76352,0.76352,27083
2012-06-21,0.76841,0.76841,0.73415,0.76352,0.76352,61500
2012-06-22,0.73415,0.73415,0.68521,0.6901,0.6901,127376
2012-06-25,0.6901,0.6901,0.65584,0.66073,0.66073,82688
2012-06-26,0.66073,0.66563,0.58732,0.66563,0.66563,159270
2012-06-27,0.65584,0.66563,0.63626,0.66563,0.66563,36808
2012-06-28,0.65584,0.66073,0.63626,0.6411600000000001,0.6411600000000001,57237
2012-06-29,0.63137,0.63626,0.62647,0.62647,0.62647,196920
2012-07-02,0.63626,0.68521,0.63626,0.65584,0.65584,52401
2012-07-03,0.68521,0.74883,0.68521,0.72436,0.72436,66282
2012-07-04,0.72436,0.7439399999999999,0.72436,0.7439399999999999,0.7439399999999999,30675
2012-07-05,0.74883,0.79778,0.74883,0.76841,0.76841,50315
2012-07-06,0.78309,0.78799,0.7145699999999999,0.7145699999999999,0.7145699999999999,34420
2012-07-09,0.73415,0.7439399999999999,0.73415,0.73415,0.73415,34734
2012-07-10,0.73415,0.73415,0.73415,0.73415,0.73415,0
2012-07-11,0.73415,0.73415,0.73415,0.73415,0.73415,0
2012-07-12,0.73415,0.73415,0.73415,0.73415,0.73415,0
2012-07-13,0.73415,0.73415,0.73415,0.73415,0.73415,0
2012-07-16,0.73415,0.73415,0.73415,0.73415,0.73415,0
2012-07-17,0.63626,0.63626,0.59711,0.61179,0.61179,160907
2012-07-18,0.62647,0.62647,0.58243,0.58732,0.58732,206741
2012-07-19,0.61179,0.61179,0.57753,0.58243,0.58243,148933
2012-07-20,0.58732,0.58732,0.57753,0.57753,0.57753,348911
2012-07-23,0.5726399999999999,0.58243,0.5726399999999999,0.57753,0.57753,89948
2012-07-24,0.58243,0.58243,0.5677399999999999,0.5677399999999999,0.5677399999999999,203233
2012-07-25,0.55795,0.5677399999999999,0.55795,0.56285,0.56285,114423
2012-07-26,0.5677399999999999,0.5677399999999999,0.56285,0.56285,0.56285,38278
2012-07-27,0.5677399999999999,0.58243,0.56285,0.56285,0.56285,113248
2012-07-30,0.56285,0.5677399999999999,0.56285,0.5677399999999999,0.5677399999999999,46542
2012-07-31,0.5677399999999999,0.5677399999999999,0.56285,0.56285,0.56285,123878
2012-08-01,0.5677399999999999,0.58732,0.5677399999999999,0.58732,0.58732,169329
2012-08-02,0.58732,0.6069,0.58732,0.6069,0.6069,73158
2012-08-03,0.59711,0.59711,0.58732,0.58732,0.58732,14302
2012-08-06,0.59711,0.59711,0.57753,0.59711,0.59711,69126
2012-08-07,0.59711,0.59711,0.58243,0.58732,0.58732,97099
2012-08-08,0.59221,0.59221,0.57753,0.58732,0.58732,138885
2012-08-09,0.58732,0.58732,0.58732,0.58732,0.58732,5700
2012-08-10,0.58732,0.59221,0.5726399999999999,0.59221,0.59221,186571
2012-08-13,0.57753,0.59221,0.57753,0.59221,0.59221,114637
2012-08-14,0.58243,0.58732,0.5726399999999999,0.58732,0.58732,119424
2012-08-15,0.57753,0.58732,0.56285,0.58732,0.58732,166417
2012-08-16,0.58732,0.58732,0.58243,0.58732,0.58732,84841
2012-08-17,0.58732,0.59221,0.58732,0.59221,0.59221,74346
2012-08-20,0.58732,0.59221,0.57753,0.57753,0.57753,105396
2012-08-21,0.5677399999999999,0.5726399999999999,0.56285,0.5677399999999999,0.5677399999999999,170284
2012-08-22,0.57753,0.61669,0.57753,0.61669,0.61669,57627
2012-08-23,0.65584,0.65584,0.62158,0.63626,0.63626,109171
2012-08-24,0.64605,0.64605,0.602,0.61669,0.61669,61448
2012-08-27,0.602,0.602,0.56285,0.58243,0.58243,349030
2012-08-28,0.55795,0.5677399999999999,0.52859,0.5481600000000001,0.5481600000000001,200619
2012-08-29,0.58732,0.58732,0.5188,0.52859,0.52859,659211
2012-08-30,0.52369,0.52369,0.50412,0.5188,0.5188,141909
2012-08-31,0.5090100000000001,0.5188,0.49922,0.5188,0.5188,136328
2012-09-03,0.53838,0.5481600000000001,0.52859,0.54327,0.54327,70022
2012-09-04,0.53838,0.5677399999999999,0.52859,0.5677399999999999,0.5677399999999999,126575
2012-09-05,0.5677399999999999,0.57753,0.55795,0.57753,0.57753,4648
2012-09-06,0.58243,0.58243,0.55795,0.57753,0.57753,38024
2012-09-07,0.57753,0.57753,0.53838,0.55795,0.55795,47123
2012-09-10,0.58243,0.58732,0.52859,0.55306,0.55306,205859
2012-09-11,0.54327,0.5481600000000001,0.53838,0.5481600000000001,0.5481600000000001,125039
2012-09-12,0.5481600000000001,0.55795,0.5481600000000001,0.55795,0.55795,23558
2012-09-13,0.5677399999999999,0.5677399999999999,0.55795,0.5677399999999999,0.5677399999999999,26563
2012-09-14,0.58732,0.58732,0.5726399999999999,0.58732,0.58732,85511
2012-09-17,0.58732,0.58732,0.5726399999999999,0.58243,0.58243,125076
2012-09-18,0.58243,0.58243,0.57753,0.57753,0.57753,52612
2012-09-19,0.5726399999999999,0.57753,0.5726399999999999,0.57753,0.57753,23250
2012-09-20,0.57753,0.57753,0.55306,0.55306,0.55306,38514
2012-09-21,0.55795,0.5677399999999999,0.55795,0.55795,0.55795,13470
2012-09-24,0.55795,0.63137,0.55795,0.62647,0.62647,434166
2012-09-25,0.63137,0.63137,0.602,0.602,0.602,151177
2012-09-26,0.61669,0.62158,0.6069,0.6069,0.6069,114615
2012-09-27,0.6069,0.6069,0.59711,0.59711,0.59711,27643
2012-09-28,0.62158,0.62158,0.6069,0.6069,0.6069,14642
2012-10-01,0.6069,0.62158,0.602,0.602,0.602,43520
2012-10-02,0.61669,0.61669,0.59711,0.602,0.602,267488
2012-10-03,0.61669,0.62647,0.602,0.6069,0.6069,191809
2012-10-04,0.6069,0.62158,0.58732,0.6069,0.6069,164917
2012-10-05,0.61669,0.61669,0.5677399999999999,0.57753,0.57753,298890
2012-10-07,0.58732,0.58732,0.5726399999999999,0.5726399999999999,0.5726399999999999,156105
2012-10-08,0.5677399999999999,0.57753,0.56285,0.57753,0.57753,78159
2012-10-09,0.58243,0.58243,0.56285,0.56285,0.56285,133327
2012-10-10,0.57753,0.58732,0.56285,0.58732,0.58732,57034
2012-10-11,0.57753,0.58732,0.57753,0.58732,0.58732,74276
2012-10-14,0.6069,0.6069,0.57753,0.58732,0.58732,139621
2012-10-15,0.58732,0.58732,0.57753,0.58732,0.58732,38294
2012-10-16,0.59711,0.59711,0.5726399999999999,0.58732,0.58732,34196
2012-10-17,0.57753,0.58732,0.5726399999999999,0.58732,0.58732,51218
2012-10-18,0.58732,0.59711,0.58732,0.59711,0.59711,45133
2012-10-21,0.58732,0.58732,0.5677399999999999,0.5726399999999999,0.5726399999999999,97255
2012-10-22,0.57753,0.57753,0.5726399999999999,0.57753,0.57753,43715
2012-10-23,0.57753,0.57753,0.5677399999999999,0.5677399999999999,0.5677399999999999,70456
2012-10-24,0.5677399999999999,0.5677399999999999,0.55795,0.55795,0.55795,93768
2012-10-25,0.56285,0.56285,0.53838,0.53838,0.53838,118300
2012-10-28,0.53838,0.5481600000000001,0.53838,0.5481600000000001,0.5481600000000001,33158
2012-10-29,0.5481600000000001,0.55306,0.5481600000000001,0.55306,0.55306,51080
2012-10-30,0.53838,0.53838,0.5188,0.52859,0.52859,32735
2012-10-31,0.5090100000000001,0.5188,0.48943000000000003,0.49922,0.49922,201413
2012-11-01,0.50412,0.50412,0.48943000000000003,0.49922,0.49922,214683
2012-11-04,0.49922,0.49922,0.49922,0.49922,0.49922,8425
2012-11-05,0.50412,0.5090100000000001,0.50412,0.50412,0.50412,52417
2012-11-06,0.50412,0.5090100000000001,0.48943000000000003,0.5090100000000001,0.5090100000000001,157553
2012-11-07,0.48943000000000003,0.48943000000000003,0.48943000000000003,0.48943000000000003,0.48943000000000003,42907
2012-11-08,0.47963999999999996,0.47963999999999996,0.4356,0.4698600000000001,0.4698600000000001,207276
2012-11-11,0.45028,0.46496000000000004,0.44048999999999994,0.44538,0.44538,13873
2012-11-12,0.45028,0.45028,0.4307,0.4356,0.4356,215693
2012-11-13,0.4356,0.4698600000000001,0.4356,0.46007,0.46007,138323
2012-11-14,0.46007,0.47963999999999996,0.46007,0.47963999999999996,0.47963999999999996,137915
2012-11-15,0.47963999999999996,0.49922,0.47475,0.48943000000000003,0.48943000000000003,69494
2012-11-18,0.45028,0.45028,0.44048999999999994,0.44048999999999994,0.44048999999999994,41972
2012-11-19,0.44048999999999994,0.44538,0.4307,0.44048999999999994,0.44048999999999994,69468
2012-11-20,0.4307,0.45028,0.4307,0.45028,0.45028,83488
2012-11-21,0.44048999999999994,0.44048999999999994,0.4356,0.4356,0.4356,22271
2012-11-22,0.4356,0.4356,0.4307,0.4356,0.4356,12813
2012-11-25,0.44538,0.44538,0.4209100000000001,0.44048999999999994,0.44048999999999994,136211
2012-11-26,0.42581,0.44048999999999994,0.42581,0.4356,0.4356,23497
2012-11-27,0.4356,0.4356,0.39644,0.39644,0.39644,217623
2012-11-28,0.40134000000000003,0.40134000000000003,0.40134000000000003,0.40134000000000003,0.40134000000000003,56686
2012-11-29,0.40134000000000003,0.40134000000000003,0.39155,0.39155,0.39155,28617
2012-12-02,0.38665,0.40134000000000003,0.38665,0.39155,0.39155,59702
2012-12-03,0.40134000000000003,0.40134000000000003,0.38665,0.38665,0.38665,87860
2012-12-04,0.38176,0.38665,0.38176,0.38176,0.38176,38684
2012-12-05,0.37686,0.37686,0.36707,0.37686,0.37686,113486
2012-12-06,0.37196999999999997,0.37686,0.36218,0.37686,0.37686,83342
2012-12-09,0.36707,0.36707,0.3475,0.35729,0.35729,83309
2012-12-10,0.35239000000000004,0.36218,0.35239000000000004,0.36218,0.36218,267789
2012-12-11,0.36218,0.36218,0.30345,0.32792,0.32792,295769
2012-12-12,0.33281,0.33281,0.30834,0.32303000000000004,0.32303000000000004,61478
2012-12-13,0.31813,0.33771,0.31813,0.33771,0.33771,35786
2012-12-16,0.35239000000000004,0.36218,0.35239000000000004,0.35729,0.35729,61111
2012-12-17,0.36707,0.36707,0.35729,0.36218,0.36218,125240
2012-12-18,0.36707,0.38665,0.36218,0.38665,0.38665,118392
2012-12-19,0.38665,0.39155,0.35729,0.38665,0.38665,106362
2012-12-20,0.37196999999999997,0.38176,0.37196999999999997,0.37196999999999997,0.37196999999999997,41374
2012-12-23,0.37196999999999997,0.38665,0.37196999999999997,0.38665,0.38665,31615
2012-12-26,0.37196999999999997,0.38665,0.36218,0.38665,0.38665,24981
2012-12-27,0.36218,0.37196999999999997,0.36218,0.36707,0.36707,25896
2012-12-30,0.37686,0.38176,0.37196999999999997,0.38176,0.38176,10038
2013-01-01,0.39155,0.40134000000000003,0.38665,0.38665,0.38665,31923
2013-01-02,0.38176,0.40134000000000003,0.38176,0.40134000000000003,0.40134000000000003,36777
2013-01-03,0.40134000000000003,0.40134000000000003,0.39155,0.39155,0.39155,97207
2013-01-06,0.38176,0.40134000000000003,0.37686,0.38176,0.38176,58608
2013-01-07,0.39155,0.39155,0.37686,0.37686,0.37686,116677
2013-01-08,0.37686,0.37686,0.37686,0.37686,0.37686,19206
2013-01-09,0.38176,0.38176,0.37686,0.37686,0.37686,18006
2013-01-10,0.37686,0.37686,0.37686,0.37686,0.37686,12036
2013-01-13,0.37196999999999997,0.37686,0.36707,0.37686,0.37686,38233
2013-01-14,0.37686,0.37686,0.37196999999999997,0.37196999999999997,0.37196999999999997,28511
2013-01-15,0.37196999999999997,0.37196999999999997,0.36707,0.37196999999999997,0.37196999999999997,20049
2013-01-16,0.37196999999999997,0.37196999999999997,0.36218,0.37196999999999997,0.37196999999999997,68311
2013-01-17,0.37686,0.37686,0.37196999999999997,0.37196999999999997,0.37196999999999997,28993
2013-01-20,0.37196999999999997,0.37196999999999997,0.36707,0.36707,0.36707,24518
2013-01-21,0.37686,0.37686,0.36707,0.36707,0.36707,7253
2013-01-22,0.36707,0.36707,0.36218,0.36218,0.36218,57059
2013-01-23,0.35239000000000004,0.35239000000000004,0.3426,0.3426,0.3426,42726
2013-01-24,0.33281,0.33281,0.32792,0.33281,0.33281,22679
2013-01-28,0.32792,0.32792,0.32303000000000004,0.32303000000000004,0.32303000000000004,59763
2013-01-29,0.33281,0.3426,0.33281,0.33281,0.33281,54729
2013-01-30,0.3426,0.37196999999999997,0.3426,0.37196999999999997,0.37196999999999997,53827
2013-01-31,0.36218,0.36707,0.3426,0.36707,0.36707,197563
2013-02-03,0.36707,0.36707,0.36707,0.36707,0.36707,0
2013-02-04,0.36218,0.36218,0.33281,0.35239000000000004,0.35239000000000004,84426
2013-02-05,0.35239000000000004,0.35239000000000004,0.33281,0.33281,0.33281,31159
2013-02-06,0.33281,0.33771,0.33281,0.33771,0.33771,8245
2013-02-07,0.33771,0.33771,0.33281,0.33281,0.33281,6609
2013-02-10,0.35239000000000004,0.36707,0.35239000000000004,0.35239000000000004,0.35239000000000004,61295
2013-02-11,0.3426,0.3426,0.33281,0.33771,0.33771,27787
2013-02-12,0.3426,0.3426,0.3426,0.3426,0.3426,14175
2013-02-13,0.3475,0.3475,0.3426,0.3475,0.3475,76108
2013-02-14,0.3426,0.3426,0.31324,0.31324,0.31324,73825
2013-02-17,0.31324,0.31324,0.30834,0.31324,0.31324,75601
2013-02-18,0.31324,0.31324,0.30834,0.30834,0.30834,66299
2013-02-19,0.30834,0.31324,0.30345,0.31324,0.31324,74453
2013-02-20,0.30345,0.30345,0.28386999999999996,0.28386999999999996,0.28386999999999996,88754
2013-02-21,0.28876999999999997,0.28876999999999997,0.28876999999999997,0.28876999999999997,0.28876999999999997,22420
2013-02-24,0.29366,0.29366,0.28386999999999996,0.29366,0.29366,95567
2013-02-25,0.28386999999999996,0.29366,0.28386999999999996,0.29366,0.29366,17009
2013-02-26,0.29366,0.29366,0.27408000000000005,0.28386999999999996,0.28386999999999996,63992
2013-02-27,0.2594,0.28386999999999996,0.2594,0.28386999999999996,0.28386999999999996,37622
2013-02-28,0.26919,0.27898,0.25451,0.25451,0.25451,317772
2013-03-03,0.25451,0.25451,0.24961,0.24961,0.24961,122051
2013-03-04,0.24472,0.24472,0.22024000000000002,0.24472,0.24472,67516
2013-03-05,0.24472,0.24472,0.20067000000000002,0.21535,0.21535,199528
2013-03-06,0.21535,0.2349300000000001,0.21535,0.2349300000000001,0.2349300000000001,61345
2013-03-07,0.22514,0.22514,0.21535,0.21535,0.21535,200267
2013-03-10,0.21535,0.21535,0.21535,0.21535,0.21535,12259
2013-03-11,0.22514,0.23981999999999998,0.22514,0.2349300000000001,0.2349300000000001,146700
2013-03-12,0.24472,0.24472,0.22514,0.2349300000000001,0.2349300000000001,128583
2013-03-13,0.2349300000000001,0.28876999999999997,0.22514,0.22514,0.22514,559544
2013-03-14,0.2349300000000001,0.23981999999999998,0.2349300000000001,0.23981999999999998,0.23981999999999998,26830
2013-03-17,0.22514,0.22514,0.21535,0.21535,0.21535,49090
2013-03-18,0.23003,0.23003,0.22514,0.22514,0.22514,33563
2013-03-19,0.23003,0.23003,0.21535,0.21535,0.21535,25799
2013-03-20,0.22024000000000002,0.22514,0.21535,0.21535,0.21535,66418
2013-03-21,0.21535,0.23003,0.20556,0.22514,0.22514,171174
2013-03-24,0.21535,0.22514,0.21535,0.22514,0.22514,48446
2013-03-25,0.21535,0.22514,0.21535,0.22514,0.22514,116027
2013-03-26,0.22514,0.22514,0.22514,0.22514,0.22514,0
2013-03-27,0.22514,0.22514,0.22514,0.22514,0.22514,0
2013-04-01,0.22514,0.22514,0.22514,0.22514,0.22514,0
2013-04-02,0.22514,0.22514,0.22514,0.22514,0.22514,0
2013-04-03,0.22514,0.22514,0.22514,0.22514,0.22514,0
2013-04-04,0.22514,0.22514,0.22514,0.22514,0.22514,0
2013-04-08,0.22514,0.22514,0.22514,0.22514,0.22514,0
2013-04-09,0.22514,0.22514,0.22514,0.22514,0.22514,0
2013-04-10,0.22514,0.22514,0.22514,0.22514,0.22514,0
2013-04-11,0.22514,0.22514,0.22514,0.22514,0.22514,0
2013-04-12,0.22514,0.22514,0.22514,0.22514,0.22514,0
2013-04-15,0.22514,0.22514,0.22514,0.22514,0.22514,0
2013-04-16,0.22514,0.22514,0.22514,0.22514,0.22514,0
2013-04-17,0.22514,0.22514,0.22514,0.22514,0.22514,0
2013-04-18,0.22514,0.22514,0.22514,0.22514,0.22514,0
2013-04-19,0.22514,0.22514,0.22514,0.22514,0.22514,0
2013-04-22,0.22514,0.22514,0.22514,0.22514,0.22514,0
2013-04-23,0.22514,0.22514,0.22514,0.22514,0.22514,0
2013-04-24,0.22514,0.22514,0.22514,0.22514,0.22514,0
2013-04-26,0.22514,0.22514,0.22514,0.22514,0.22514,0
2013-04-29,0.22514,0.22514,0.22514,0.22514,0.22514,0
2013-04-30,0.22514,0.22514,0.22514,0.22514,0.22514,0
2013-05-01,0.22514,0.22514,0.22514,0.22514,0.22514,0
2013-05-02,0.22514,0.22514,0.22514,0.22514,0.22514,0
2013-05-03,0.22514,0.22514,0.22514,0.22514,0.22514,0
2013-05-06,0.22514,0.22514,0.22514,0.22514,0.22514,0
2013-05-07,0.22514,0.22514,0.22514,0.22514,0.22514,0
2013-05-08,0.22514,0.22514,0.22514,0.22514,0.22514,0
2013-05-09,0.22514,0.22514,0.22514,0.22514,0.22514,0
2013-05-10,0.22514,0.22514,0.22514,0.22514,0.22514,0
2013-05-13,0.22514,0.22514,0.22514,0.22514,0.22514,0
2013-05-14,0.22514,0.22514,0.22514,0.22514,0.22514,0
2013-05-15,0.22514,0.22514,0.22514,0.22514,0.22514,0
2013-05-16,0.22514,0.22514,0.22514,0.22514,0.22514,0
2013-05-17,0.22514,0.22514,0.22514,0.22514,0.22514,0
2013-05-20,0.22514,0.22514,0.22514,0.22514,0.22514,0
2013-05-21,0.22514,0.22514,0.22514,0.22514,0.22514,0
2013-05-22,0.22514,0.22514,0.22514,0.22514,0.22514,0
2013-05-23,0.22514,0.22514,0.22514,0.22514,0.22514,0
2013-05-24,0.22514,0.22514,0.22514,0.22514,0.22514,0
2013-05-27,0.22514,0.22514,0.22514,0.22514,0.22514,0
2013-05-28,0.22514,0.22514,0.22514,0.22514,0.22514,0
2013-05-29,0.22514,0.22514,0.22514,0.22514,0.22514,0
2013-05-30,0.22514,0.22514,0.22514,0.22514,0.22514,0
2013-05-31,0.22514,0.22514,0.22514,0.22514,0.22514,0
2013-06-03,0.22514,0.22514,0.22514,0.22514,0.22514,0
2013-06-04,0.22514,0.22514,0.22514,0.22514,0.22514,0
2013-06-05,0.22514,0.22514,0.22514,0.22514,0.22514,0
2013-06-06,0.22514,0.22514,0.22514,0.22514,0.22514,0
2013-06-07,0.22514,0.22514,0.22514,0.22514,0.22514,0
2013-06-11,0.22514,0.22514,0.22514,0.22514,0.22514,0
2013-06-12,0.22514,0.22514,0.22514,0.22514,0.22514,0
2013-06-13,0.22514,0.22514,0.22514,0.22514,0.22514,0
2013-06-14,0.22514,0.22514,0.22514,0.22514,0.22514,0
2013-06-17,0.22514,0.22514,0.22514,0.22514,0.22514,0
2013-06-18,0.22514,0.22514,0.22514,0.22514,0.22514,0
2013-06-19,0.22514,0.22514,0.22514,0.22514,0.22514,0
2013-06-20,0.22514,0.22514,0.22514,0.22514,0.22514,0
2013-06-21,0.22514,0.22514,0.22514,0.22514,0.22514,0
2013-06-24,0.22514,0.22514,0.22514,0.22514,0.22514,0
2013-06-25,0.22514,0.22514,0.22514,0.22514,0.22514,0
2013-06-26,0.22514,0.22514,0.22514,0.22514,0.22514,0
2013-06-27,0.22514,0.22514,0.22514,0.22514,0.22514,0
2013-06-28,0.22514,0.22514,0.22514,0.22514,0.22514,0
2013-07-01,0.22514,0.22514,0.22514,0.22514,0.22514,0
2013-07-02,0.22514,0.22514,0.22514,0.22514,0.22514,0
2013-07-03,0.22514,0.22514,0.22514,0.22514,0.22514,0
2013-07-04,0.22514,0.22514,0.22514,0.22514,0.22514,0
2013-07-05,0.22514,0.22514,0.22514,0.22514,0.22514,0
2013-07-08,0.22514,0.22514,0.22514,0.22514,0.22514,0
2013-07-09,0.22514,0.22514,0.22514,0.22514,0.22514,0
2013-07-10,0.22514,0.22514,0.22514,0.22514,0.22514,0
2013-07-11,0.04894,0.06852000000000001,0.04894,0.0509,0.0509,3257657
2013-07-12,0.0509,0.06069,0.0509,0.05775,0.05775,1325820
2013-07-15,0.06167,0.07537,0.06167,0.07146,0.07146,1237106
2013-07-16,0.07831,0.0881,0.07635,0.0881,0.0881,3529378
2013-07-17,0.09788999999999999,0.11257,0.09299,0.09495,0.09495,2686488
2013-07-18,0.09691,0.10278,0.09593,0.10278,0.10278,1635188
2013-07-19,0.10278,0.10768,0.0881,0.09691,0.09691,881672
2013-07-22,0.09691,0.09691,0.0695,0.07831,0.07831,730408
2013-07-23,0.0832,0.0881,0.0832,0.0881,0.0881,50618
2013-07-24,0.09299,0.09299,0.0881,0.0881,0.0881,259884
2013-07-25,0.09397,0.09788999999999999,0.09103,0.09495,0.09495,565126
2013-07-26,0.0881,0.0881,0.08417999999999999,0.08516,0.08516,214449
2013-07-29,0.08516,0.0881,0.07831,0.07831,0.07831,31894
2013-07-30,0.0881,0.08907999999999999,0.0832,0.0832,0.0832,402801
2013-07-31,0.0832,0.0832,0.0832,0.0832,0.0832,41374
2013-08-01,0.0881,0.09006,0.0881,0.09006,0.09006,234966
2013-08-02,0.08516,0.08907999999999999,0.08516,0.08907999999999999,0.08907999999999999,34810
2013-08-05,0.08907999999999999,0.09299,0.08417999999999999,0.08907999999999999,0.08907999999999999,562340
2013-08-06,0.0881,0.0881,0.0881,0.0881,0.0881,33304
2013-08-07,0.0881,0.0881,0.0881,0.0881,0.0881,273173
2013-08-08,0.08712,0.08712,0.08516,0.08516,0.08516,206361
2013-08-09,0.08516,0.08516,0.07831,0.08222,0.08222,778928
2013-08-12,0.07341,0.07341,0.07048,0.07341,0.07341,116628
2013-08-13,0.07048,0.07341,0.06362999999999999,0.06852000000000001,0.06852000000000001,611686
2013-08-14,0.06852000000000001,0.06852000000000001,0.06461,0.06852000000000001,0.06852000000000001,56800
2013-08-15,0.06852000000000001,0.0832,0.06852000000000001,0.07733,0.07733,182558
2013-08-16,0.07831,0.07831,0.07831,0.07831,0.07831,27838
2013-08-19,0.07831,0.07831,0.07341,0.07831,0.07831,137915
2013-08-20,0.07341,0.07341,0.06852000000000001,0.07341,0.07341,103589
2013-08-21,0.06852000000000001,0.06852000000000001,0.06656000000000001,0.06656000000000001,0.06656000000000001,168562
2013-08-22,0.06852000000000001,0.06852000000000001,0.06852000000000001,0.06852000000000001,0.06852000000000001,22455
2013-08-23,0.08125,0.08125,0.07341,0.07341,0.07341,128139
2013-08-26,0.0832,0.0832,0.07831,0.08222,0.08222,128167
2013-08-27,0.08222,0.09201000000000001,0.08027000000000001,0.09201000000000001,0.09201000000000001,825731
2013-08-28,0.09788999999999999,0.10278,0.09788999999999999,0.09788999999999999,0.09788999999999999,1802503
2013-08-29,0.09593,0.09593,0.09397,0.09397,0.09397,97604
2013-08-30,0.09397,0.09397,0.0881,0.0881,0.0881,35756
2013-09-02,0.08907999999999999,0.09691,0.08907999999999999,0.09691,0.09691,425007
2013-09-03,0.08907999999999999,0.08907999999999999,0.08907999999999999,0.08907999999999999,0.08907999999999999,49527
2013-09-04,0.08907999999999999,0.08907999999999999,0.08907999999999999,0.08907999999999999,0.08907999999999999,0
2013-09-05,0.09201000000000001,0.09397,0.09201000000000001,0.09397,0.09397,43444
2013-09-06,0.09593,0.10278,0.09593,0.10278,0.10278,990146
2013-09-09,0.09788999999999999,0.10278,0.09788999999999999,0.10278,0.10278,870971
2013-09-10,0.10278,0.10278,0.10278,0.10278,0.10278,355668
2013-09-11,0.10278,0.10768,0.09788999999999999,0.09788999999999999,0.09788999999999999,292045
2013-09-12,0.09788999999999999,0.12725,0.09788999999999999,0.11746,0.11746,1941994
2013-09-13,0.12236,0.13215,0.11746,0.12725,0.12725,935471
2013-09-16,0.12725,0.12725,0.11257,0.11257,0.11257,190498
2013-09-17,0.11257,0.11257,0.10768,0.11257,0.11257,196744
2013-09-18,0.10768,0.11746,0.10768,0.11746,0.11746,191350
2013-09-19,0.11257,0.12236,0.10768,0.12236,0.12236,145178
2013-09-20,0.11746,0.11746,0.11257,0.11746,0.11746,168562
2013-09-23,0.12236,0.12236,0.10278,0.10278,0.10278,3790854
2013-09-24,0.10278,0.10278,0.10278,0.10278,0.10278,283360
2013-09-25,0.10278,0.10278,0.09788999999999999,0.09788999999999999,0.09788999999999999,730943
2013-09-26,0.09397,0.09788999999999999,0.09006,0.09006,0.09006,117182
2013-09-27,0.09788999999999999,0.10278,0.09788999999999999,0.10278,0.10278,1121042
2013-09-30,0.10278,0.10278,0.09495,0.09495,0.09495,52893
2013-10-01,0.10278,0.10278,0.09691,0.09788999999999999,0.09788999999999999,113874
2013-10-02,0.09788999999999999,0.10278,0.09593,0.09788999999999999,0.09788999999999999,198997
2013-10-03,0.10278,0.10278,0.09495,0.10278,0.10278,67629
2013-10-04,0.10278,0.10278,0.10278,0.10278,0.10278,0
2013-10-06,0.10278,0.10278,0.10278,0.10278,0.10278,0
2013-10-07,0.09495,0.09495,0.09495,0.09495,0.09495,19008
2013-10-08,0.09495,0.09788999999999999,0.09495,0.09495,0.09495,43972
2013-10-09,0.09299,0.09299,0.08907999999999999,0.08907999999999999,0.08907999999999999,147099
2013-10-10,0.09103,0.09299,0.08907999999999999,0.09299,0.09299,352449
2013-10-13,0.09299,0.10278,0.09299,0.10278,0.10278,633473
2013-10-14,0.09788999999999999,0.10278,0.09691,0.10278,0.10278,320779
2013-10-15,0.10278,0.10278,0.09788999999999999,0.09788999999999999,0.09788999999999999,124905
2013-10-16,0.09788999999999999,0.09788999999999999,0.09788999999999999,0.09788999999999999,0.09788999999999999,13689
2013-10-17,0.09788999999999999,0.09788999999999999,0.09788999999999999,0.09788999999999999,0.09788999999999999,94711
2013-10-20,0.09788999999999999,0.09788999999999999,0.09788999999999999,0.09788999999999999,0.09788999999999999,163454
2013-10-21,0.09788999999999999,0.09788999999999999,0.09593,0.09593,0.09593,38745
2013-10-22,0.09788999999999999,0.09788999999999999,0.09788999999999999,0.09788999999999999,0.09788999999999999,83131
2013-10-23,0.09788999999999999,0.09788999999999999,0.09593,0.09593,0.09593,20590
2013-10-24,0.09593,0.09593,0.09397,0.09495,0.09495,59165
2013-10-27,0.10278,0.10278,0.09397,0.09397,0.09397,62090
2013-10-28,0.09397,0.09397,0.09397,0.09397,0.09397,21286
2013-10-29,0.09397,0.09788999999999999,0.09397,0.09397,0.09397,54625
2013-10-30,0.09397,0.09397,0.09299,0.09299,0.09299,22795
2013-10-31,0.09299,0.09299,0.09006,0.09103,0.09103,116461
2013-11-03,0.09103,0.09103,0.08907999999999999,0.08907999999999999,0.08907999999999999,102159
2013-11-04,0.08907999999999999,0.08907999999999999,0.08907999999999999,0.08907999999999999,0.08907999999999999,74270
2013-11-05,0.08907999999999999,0.08907999999999999,0.0881,0.0881,0.0881,102159
2013-11-06,0.0881,0.0881,0.08712,0.08712,0.08712,373211
2013-11-07,0.08516,0.08516,0.0832,0.0832,0.0832,238031
2013-11-10,0.08027000000000001,0.0832,0.08027000000000001,0.0832,0.0832,187389
2013-11-11,0.0832,0.0832,0.07929,0.07929,0.07929,30177
2013-11-12,0.07929,0.07929,0.07929,0.07929,0.07929,16345
2013-11-13,0.07929,0.08027000000000001,0.07929,0.07929,0.07929,107093
2013-11-14,0.07929,0.0832,0.07831,0.07831,0.07831,124071
2013-11-17,0.07341,0.07341,0.07146,0.07244,0.07244,145286
2013-11-18,0.07831,0.08125,0.07831,0.08125,0.08125,128177
2013-11-19,0.08125,0.08125,0.07831,0.07831,0.07831,182226
2013-11-20,0.07831,0.07831,0.07831,0.07831,0.07831,99098
2013-11-21,0.07831,0.09788999999999999,0.07831,0.08614,0.08614,2054816
2013-11-24,0.0881,0.0881,0.0832,0.0881,0.0881,343632
2013-11-25,0.0881,0.08907999999999999,0.0881,0.08907999999999999,0.08907999999999999,37186
2013-11-26,0.08907999999999999,0.08907999999999999,0.08614,0.08614,0.08614,220731
2013-11-27,0.08614,0.08614,0.08417999999999999,0.08417999999999999,0.08417999999999999,101104
2013-11-28,0.08417999999999999,0.08417999999999999,0.08417999999999999,0.08417999999999999,0.08417999999999999,0
2013-12-01,0.07929,0.07929,0.07439,0.07439,0.07439,327122
2013-12-02,0.07439,0.07439,0.07439,0.07439,0.07439,65870
2013-12-03,0.0832,0.08712,0.08125,0.08222,0.08222,668936
2013-12-04,0.0832,0.08417999999999999,0.0832,0.08417999999999999,0.08417999999999999,268678
2013-12-05,0.0881,0.0881,0.0881,0.0881,0.0881,301369
2013-12-08,0.08907999999999999,0.09593,0.08516,0.08516,0.08516,427862
2013-12-09,0.08614,0.09006,0.08516,0.08712,0.08712,154889
2013-12-10,0.09006,0.09397,0.0881,0.09299,0.09299,369816
2013-12-11,0.09691,0.10278,0.09691,0.09691,0.09691,479177
2013-12-12,0.09691,0.10278,0.09691,0.10278,0.10278,255398
2013-12-15,0.10278,0.10278,0.10278,0.10278,0.10278,51080
2013-12-16,0.10278,0.10768,0.10278,0.10768,0.10768,39903
2013-12-17,0.10768,0.11257,0.10768,0.11257,0.11257,158027
2013-12-18,0.11257,0.11257,0.10768,0.11257,0.11257,37882
2013-12-19,0.10278,0.10278,0.08712,0.09691,0.09691,326830
2013-12-22,0.08712,0.08712,0.08417999999999999,0.08614,0.08614,152991
2013-12-23,0.08614,0.08614,0.08614,0.08614,0.08614,0
2013-12-26,0.11257,0.11746,0.10768,0.11746,0.11746,556613
2013-12-29,0.11257,0.11257,0.10278,0.10768,0.10768,344684
2013-12-30,0.10768,0.10768,0.10278,0.10278,0.10278,99590
2014-01-01,0.10278,0.10278,0.10278,0.10278,0.10278,0
2014-01-02,0.10278,0.10278,0.10278,0.10278,0.10278,0
2014-01-05,0.10278,0.10278,0.09788999999999999,0.09788999999999999,0.09788999999999999,129824
2014-01-06,0.09788999999999999,0.09788999999999999,0.09788999999999999,0.09788999999999999,0.09788999999999999,14292
2014-01-07,0.09788999999999999,0.09788999999999999,0.09593,0.09593,0.09593,554261
2014-01-08,0.09593,0.09593,0.09593,0.09593,0.09593,0
2014-01-09,0.09788999999999999,0.09788999999999999,0.09691,0.09691,0.09691,303466
2014-01-12,0.09691,0.10278,0.09691,0.09788999999999999,0.09788999999999999,40251
2014-01-13,0.09788999999999999,0.09788999999999999,0.09788999999999999,0.09788999999999999,0.09788999999999999,0
2014-01-14,0.09788999999999999,0.09788999999999999,0.09788999999999999,0.09788999999999999,0.09788999999999999,63538
2014-01-15,0.09788999999999999,0.09788999999999999,0.09397,0.09788999999999999,0.09788999999999999,62315
2014-01-16,0.10278,0.10768,0.09788999999999999,0.10278,0.10278,204524
2014-01-19,0.10768,0.12725,0.10768,0.12725,0.12725,653557
2014-01-20,0.11257,0.13215,0.11257,0.13215,0.13215,4044913
2014-01-21,0.12236,0.12725,0.11746,0.12236,0.12236,284206
2014-01-22,0.12725,0.12725,0.11746,0.11746,0.11746,136772
2014-01-23,0.11746,0.12236,0.11746,0.12236,0.12236,197776
2014-01-27,0.13215,0.13215,0.12236,0.12725,0.12725,112579
2014-01-28,0.13215,0.13215,0.12725,0.12725,0.12725,148131
2014-01-29,0.12725,0.13215,0.12236,0.13215,0.13215,99705
2014-01-30,0.13215,0.13215,0.12236,0.12236,0.12236,121807
2014-02-02,0.12725,0.12725,0.11746,0.11746,0.11746,331465
2014-02-03,0.12236,0.12236,0.11257,0.11257,0.11257,192263
2014-02-04,0.11746,0.11746,0.11746,0.11746,0.11746,178778
2014-02-05,0.11257,0.12236,0.11257,0.12236,0.12236,326909
2014-02-06,0.11746,0.11746,0.11257,0.11257,0.11257,121559
2014-02-09,0.12236,0.12236,0.11257,0.11257,0.11257,131887
2014-02-10,0.11257,0.11746,0.10768,0.11257,0.11257,538063
2014-02-11,0.11257,0.11257,0.11257,0.11257,0.11257,193451
2014-02-12,0.10768,0.10768,0.10768,0.10768,0.10768,60274
2014-02-13,0.10768,0.10768,0.10768,0.10768,0.10768,174368
2014-02-16,0.11257,0.11257,0.11257,0.11257,0.11257,91277
2014-02-17,0.11257,0.11257,0.10768,0.10768,0.10768,14200
2014-02-18,0.10768,0.10768,0.10768,0.10768,0.10768,14221
2014-02-19,0.11257,0.11746,0.10768,0.10768,0.10768,30960
2014-02-20,0.10768,0.11257,0.10768,0.11257,0.11257,266635
2014-02-23,0.11257,0.11257,0.10768,0.10768,0.10768,125656
2014-02-24,0.10768,0.11257,0.10278,0.10768,0.10768,211851
2014-02-25,0.10768,0.10768,0.10278,0.10278,0.10278,10937
2014-02-26,0.10768,0.10768,0.10768,0.10768,0.10768,99605
2014-02-27,0.10768,0.10768,0.10768,0.10768,0.10768,24518
2014-03-02,0.10768,0.11257,0.10768,0.11257,0.11257,398645
2014-03-03,0.10768,0.10768,0.10768,0.10768,0.10768,46807
2014-03-04,0.11257,0.11257,0.10768,0.10768,0.10768,33620
2014-03-05,0.10768,0.10768,0.10768,0.10768,0.10768,33703
2014-03-06,0.10768,0.10768,0.10278,0.10768,0.10768,89735
2014-03-09,0.10768,0.10768,0.10278,0.10278,0.10278,74649
2014-03-10,0.10278,0.10278,0.09788999999999999,0.09788999999999999,0.09788999999999999,623296
2014-03-11,0.09788999999999999,0.09788999999999999,0.09788999999999999,0.09788999999999999,0.09788999999999999,0
2014-03-12,0.09788999999999999,0.09788999999999999,0.09788999999999999,0.09788999999999999,0.09788999999999999,14098
2014-03-13,0.09788999999999999,0.10768,0.09788999999999999,0.10768,0.10768,25734
2014-03-16,0.10768,0.10768,0.10768,0.10768,0.10768,0
2014-03-17,0.10768,0.10768,0.10768,0.10768,0.10768,0
2014-03-18,0.09788999999999999,0.10768,0.09788999999999999,0.10768,0.10768,27510
2014-03-19,0.10768,0.10768,0.10768,0.10768,0.10768,0
2014-03-20,0.10768,0.10768,0.09788999999999999,0.09788999999999999,0.09788999999999999,98945
2014-03-23,0.10768,0.10768,0.09788999999999999,0.09788999999999999,0.09788999999999999,61685
2014-03-24,0.09788999999999999,0.09788999999999999,0.09788999999999999,0.09788999999999999,0.09788999999999999,81319
2014-03-25,0.09397,0.09397,0.09397,0.09397,0.09397,20840
2014-03-26,0.09788999999999999,0.09788999999999999,0.09788999999999999,0.09788999999999999,0.09788999999999999,20341
2014-03-27,0.09788999999999999,0.10768,0.09788999999999999,0.10768,0.10768,56187
2014-03-30,0.09788999999999999,0.09788999999999999,0.09788999999999999,0.09788999999999999,0.09788999999999999,20432
2014-03-31,0.09788999999999999,0.09788999999999999,0.09788999999999999,0.09788999999999999,0.09788999999999999,163856
2014-04-01,0.09788999999999999,0.09788999999999999,0.09788999999999999,0.09788999999999999,0.09788999999999999,0
2014-04-02,0.09788999999999999,0.09788999999999999,0.09788999999999999,0.09788999999999999,0.09788999999999999,7882
2014-04-03,0.09788999999999999,0.09788999999999999,0.09691,0.09691,0.09691,43322
2014-04-07,0.09691,0.09691,0.09691,0.09691,0.09691,13281
2014-04-08,0.09593,0.09593,0.09593,0.09593,0.09593,52938
2014-04-09,0.09788999999999999,0.09788999999999999,0.08907999999999999,0.09103,0.09103,210345
2014-04-10,0.0881,0.0881,0.0832,0.0881,0.0881,609037
2014-04-11,0.09006,0.09006,0.09006,0.09006,0.09006,108491
2014-04-14,0.09299,0.09593,0.09103,0.09593,0.09593,107267
2014-04-15,0.09788999999999999,0.09788999999999999,0.09103,0.09103,0.09103,205112
2014-04-16,0.09103,0.09103,0.09103,0.09103,0.09103,32691
2014-04-17,0.09103,0.09103,0.09103,0.09103,0.09103,1839
2014-04-22,0.09201000000000001,0.09201000000000001,0.09006,0.09103,0.09103,71588
2014-04-23,0.09006,0.09006,0.09006,0.09006,0.09006,21249
2014-04-24,0.09006,0.09103,0.09006,0.09103,0.09103,10829
2014-04-28,0.09201000000000001,0.09201000000000001,0.09201000000000001,0.09201000000000001,0.09201000000000001,19819
2014-04-29,0.09103,0.09103,0.0881,0.0881,0.0881,19841
2014-04-30,0.0881,0.0881,0.08614,0.08614,0.08614,137145
2014-05-01,0.0881,0.0881,0.08516,0.08614,0.08614,219764
2014-05-02,0.08614,0.08614,0.08614,0.08614,0.08614,288296
2014-05-05,0.08516,0.08516,0.08516,0.08516,0.08516,8173
2014-05-06,0.08516,0.08516,0.0832,0.0832,0.0832,152137
2014-05-07,0.0832,0.0832,0.0832,0.0832,0.0832,0
2014-05-08,0.0832,0.0832,0.07831,0.07831,0.07831,25641
2014-05-09,0.07831,0.08027000000000001,0.07831,0.08027000000000001,0.08027000000000001,39010
2014-05-12,0.08417999999999999,0.0881,0.0832,0.0881,0.0881,382783
2014-05-13,0.0881,0.0881,0.0881,0.0881,0.0881,34466
2014-05-14,0.0881,0.0881,0.0881,0.0881,0.0881,67693
2014-05-15,0.0881,0.08907999999999999,0.0881,0.08907999999999999,0.08907999999999999,31882
2014-05-16,0.0832,0.08417999999999999,0.0832,0.0832,0.0832,102798
2014-05-19,0.0832,0.08516,0.0832,0.08516,0.08516,311516
2014-05-20,0.08516,0.08516,0.08516,0.08516,0.08516,261875
2014-05-21,0.08516,0.08516,0.08516,0.08516,0.08516,102644
2014-05-22,0.08516,0.08516,0.08516,0.08516,0.08516,30648
2014-05-23,0.08516,0.08516,0.08222,0.08222,0.08222,122591
2014-05-26,0.08222,0.08516,0.08222,0.08222,0.08222,47773
2014-05-27,0.08222,0.08222,0.08125,0.08125,0.08125,46795
2014-05-28,0.08125,0.08125,0.08125,0.08125,0.08125,2956
2014-05-29,0.0881,0.08907999999999999,0.0881,0.0881,0.0881,13047
2014-05-30,0.08907999999999999,0.08907999999999999,0.08417999999999999,0.08614,0.08614,102956
2014-06-02,0.09006,0.09006,0.08516,0.08516,0.08516,196819
2014-06-03,0.08614,0.08614,0.07929,0.07929,0.07929,83540
2014-06-04,0.07929,0.07929,0.07831,0.07831,0.07831,100266
2014-06-05,0.07635,0.07831,0.07537,0.07831,0.07831,228879
2014-06-06,0.07831,0.0832,0.07831,0.0832,0.0832,47373
2014-06-10,0.0881,0.09495,0.0832,0.09495,0.09495,361803
2014-06-11,0.09495,0.09788999999999999,0.09495,0.09788999999999999,0.09788999999999999,237310
2014-06-12,0.09788999999999999,0.09788999999999999,0.09495,0.09593,0.09593,86837
2014-06-13,0.09593,0.09593,0.09593,0.09593,0.09593,0
2014-06-16,0.09006,0.09006,0.0881,0.0881,0.0881,62748
2014-06-17,0.08614,0.08712,0.08614,0.08712,0.08712,89328
2014-06-18,0.08712,0.0881,0.08712,0.0881,0.0881,53647
2014-06-19,0.0881,0.08907999999999999,0.0881,0.08907999999999999,0.08907999999999999,23343
2014-06-20,0.0881,0.0881,0.08712,0.08712,0.08712,159394
2014-06-23,0.08712,0.08712,0.08712,0.08712,0.08712,218872
2014-06-24,0.08222,0.0832,0.08222,0.0832,0.0832,102391
2014-06-25,0.0832,0.0881,0.0832,0.0881,0.0881,169625
2014-06-26,0.0881,0.09103,0.0881,0.09103,0.09103,376048
2014-06-27,0.09103,0.09299,0.09103,0.09299,0.09299,321770
2014-06-30,0.09299,0.09299,0.09201000000000001,0.09299,0.09299,71519
2014-07-01,0.09201000000000001,0.09201000000000001,0.09201000000000001,0.09201000000000001,0.09201000000000001,102199
2014-07-02,0.09201000000000001,0.09397,0.09201000000000001,0.09397,0.09397,10618
2014-07-03,0.09397,0.09788999999999999,0.09397,0.09788999999999999,0.09788999999999999,125713
2014-07-04,0.09788999999999999,0.09788999999999999,0.09593,0.09593,0.09593,101833
2014-07-07,0.09593,0.09593,0.09593,0.09593,0.09593,10216
2014-07-08,0.09593,0.09593,0.09593,0.09593,0.09593,0
2014-07-09,0.09593,0.10768,0.09593,0.10768,0.10768,1043807
2014-07-10,0.11257,0.11746,0.11257,0.11746,0.11746,510376
2014-07-11,0.11746,0.12236,0.11257,0.12236,0.12236,126785
2014-07-14,0.14683,0.15172,0.12236,0.12236,0.12236,1769271
2014-07-15,0.12725,0.14194,0.12725,0.13704000000000002,0.13704000000000002,1124765
2014-07-16,0.14194,0.14194,0.12725,0.13215,0.13215,342926
2014-07-17,0.13215,0.13215,0.13215,0.13215,0.13215,113724
2014-07-18,0.16641,0.23981999999999998,0.16151,0.19577,0.19577,9857799
2014-07-21,0.24472,0.32303000000000004,0.24472,0.30834,0.30834,13188069
2014-07-22,0.29366,0.32792,0.2594,0.26429,0.26429,4574577
2014-07-23,0.27408000000000005,0.28876999999999997,0.26919,0.27898,0.27898,1757267
2014-07-24,0.28386999999999996,0.29855,0.27408000000000005,0.28876999999999997,0.28876999999999997,1390216
2014-07-25,0.28876999999999997,0.32303000000000004,0.28876999999999997,0.32303000000000004,0.32303000000000004,1852660
2014-07-28,0.32303000000000004,0.3426,0.31813,0.33771,0.33771,2097470
2014-07-29,0.3426,0.35239000000000004,0.30345,0.32792,0.32792,1910228
2014-07-30,0.3426,0.3475,0.33771,0.3475,0.3475,1161181
2014-07-31,0.35239000000000004,0.46007,0.35239000000000004,0.44048999999999994,0.44048999999999994,3942252
2014-08-01,0.4356,0.44048999999999994,0.41112,0.41602,0.41602,2051623
2014-08-04,0.41112,0.41602,0.3426,0.37686,0.37686,2240381
2014-08-05,0.40134000000000003,0.41112,0.36218,0.36218,0.36218,2135468
2014-08-06,0.35729,0.35729,0.30834,0.30834,0.30834,1387734
2014-08-07,0.31813,0.33771,0.31324,0.33281,0.33281,627151
2014-08-08,0.35729,0.37196999999999997,0.33281,0.33281,0.33281,960634
2014-08-11,0.35239000000000004,0.38665,0.33771,0.36218,0.36218,858948
2014-08-12,0.36707,0.37686,0.3426,0.3426,0.3426,1155237
2014-08-13,0.3426,0.35729,0.33771,0.33771,0.33771,376338
2014-08-14,0.40134000000000003,0.41112,0.36218,0.37686,0.37686,2443153
2014-08-15,0.37196999999999997,0.37196999999999997,0.35239000000000004,0.35729,0.35729,505951
2014-08-18,0.35729,0.36218,0.33771,0.3426,0.3426,392061
2014-08-19,0.3426,0.35239000000000004,0.33771,0.35239000000000004,0.35239000000000004,205737
2014-08-20,0.3475,0.35239000000000004,0.33771,0.3475,0.3475,147150
2014-08-21,0.35239000000000004,0.35729,0.3426,0.3426,0.3426,134513
2014-08-22,0.3426,0.35729,0.3426,0.35239000000000004,0.35239000000000004,114183
2014-08-25,0.3426,0.38176,0.3426,0.37686,0.37686,524988
2014-08-26,0.38176,0.39155,0.35729,0.37196999999999997,0.37196999999999997,515892
2014-08-27,0.36707,0.38176,0.36414,0.36707,0.36707,76824
2014-08-28,0.37196999999999997,0.39644,0.37196999999999997,0.39155,0.39155,368832
2014-08-29,0.39155,0.40134000000000003,0.38176,0.39155,0.39155,223217
2014-09-01,0.40134000000000003,0.41112,0.37686,0.37686,0.37686,310366
2014-09-02,0.38176,0.38665,0.36218,0.38665,0.38665,101219
2014-09-03,0.38665,0.38665,0.37686,0.38665,0.38665,24746
2014-09-04,0.38665,0.39155,0.36707,0.37686,0.37686,152477
2014-09-05,0.37686,0.40623000000000004,0.37686,0.37686,0.37686,181110
2014-09-08,0.37196999999999997,0.37196999999999997,0.36707,0.36707,0.36707,57159
2014-09-09,0.36707,0.37196999999999997,0.35729,0.36218,0.36218,209011
2014-09-10,0.36218,0.37686,0.35729,0.37686,0.37686,303292
2014-09-11,0.38665,0.38665,0.38176,0.38176,0.38176,57223
2014-09-12,0.37686,0.39155,0.36218,0.39155,0.39155,112299
2014-09-15,0.37686,0.38665,0.3426,0.36218,0.36218,429334
2014-09-16,0.3426,0.3426,0.2594,0.31324,0.31324,1477916
2014-09-17,0.31324,0.31324,0.29366,0.29366,0.29366,192192
2014-09-18,0.28876999999999997,0.30345,0.27898,0.28386999999999996,0.28386999999999996,488771
2014-09-19,0.27898,0.27898,0.2594,0.27408000000000005,0.27408000000000005,183826
2014-09-22,0.27408000000000005,0.27408000000000005,0.22514,0.25451,0.25451,807057
2014-09-23,0.24472,0.24472,0.22514,0.2349300000000001,0.2349300000000001,1003743
2014-09-24,0.22514,0.2349300000000001,0.21535,0.2349300000000001,0.2349300000000001,501207
2014-09-25,0.23981999999999998,0.25451,0.23981999999999998,0.25451,0.25451,259727
2014-09-26,0.23981999999999998,0.23981999999999998,0.23003,0.2349300000000001,0.2349300000000001,135189
2014-09-29,0.23981999999999998,0.23981999999999998,0.22514,0.2349300000000001,0.2349300000000001,218927
2014-09-30,0.22514,0.22514,0.21535,0.22514,0.22514,158959
2014-10-01,0.21535,0.22514,0.20556,0.21535,0.21535,101035
2014-10-02,0.20556,0.20556,0.19577,0.20067000000000002,0.20067000000000002,304259
2014-10-03,0.20556,0.23003,0.20556,0.21535,0.21535,142980
2014-10-05,0.2349300000000001,0.2349300000000001,0.22514,0.22514,0.22514,39536
2014-10-06,0.22024000000000002,0.22514,0.20556,0.20556,0.20556,60786
2014-10-07,0.20067000000000002,0.20556,0.19577,0.20556,0.20556,25972
2014-10-08,0.20556,0.24472,0.20556,0.24472,0.24472,147204
2014-10-09,0.23981999999999998,0.24961,0.22514,0.23981999999999998,0.23981999999999998,55980
2014-10-12,0.22514,0.25451,0.21535,0.25451,0.25451,92276
2014-10-13,0.24472,0.26429,0.24472,0.25451,0.25451,93638
2014-10-14,0.25451,0.26429,0.24472,0.24472,0.24472,30414
2014-10-15,0.24472,0.25451,0.24472,0.24472,0.24472,169357
2014-10-16,0.23981999999999998,0.26919,0.22024000000000002,0.26429,0.26429,235557
2014-10-19,0.2594,0.2594,0.24472,0.24472,0.24472,136607
2014-10-20,0.24472,0.24472,0.24472,0.24472,0.24472,24518
2014-10-21,0.24472,0.24472,0.24472,0.24472,0.24472,37807
2014-10-22,0.26919,0.26919,0.23981999999999998,0.25451,0.25451,159176
2014-10-23,0.25451,0.26919,0.25451,0.26919,0.26919,227304
2014-10-26,0.25451,0.25451,0.25451,0.25451,0.25451,116742
2014-10-27,0.2594,0.27408000000000005,0.2594,0.26429,0.26429,74190
2014-10-28,0.26429,0.26919,0.26429,0.26919,0.26919,188213
2014-10-29,0.27408000000000005,0.27898,0.26919,0.26919,0.26919,253563
2014-10-30,0.26429,0.26919,0.26429,0.26429,0.26429,88605
2014-11-02,0.2594,0.27408000000000005,0.2594,0.26919,0.26919,88643
2014-11-03,0.26429,0.26919,0.21535,0.25451,0.25451,607641
2014-11-04,0.24961,0.2594,0.24961,0.2594,0.2594,43928
2014-11-05,0.2594,0.2594,0.22514,0.23981999999999998,0.23981999999999998,101146
2014-11-06,0.23981999999999998,0.24961,0.2349300000000001,0.24472,0.24472,92061
2014-11-09,0.24472,0.25451,0.24472,0.24961,0.24961,91661
2014-11-10,0.24472,0.25451,0.24472,0.24961,0.24961,57315
2014-11-11,0.24961,0.24961,0.24961,0.24961,0.24961,38820
2014-11-12,0.24472,0.24961,0.24472,0.24961,0.24961,68739
2014-11-13,0.24472,0.24472,0.2349300000000001,0.2349300000000001,0.2349300000000001,21259
2014-11-16,0.2349300000000001,0.2349300000000001,0.2349300000000001,0.2349300000000001,0.2349300000000001,51080
2014-11-17,0.22514,0.2349300000000001,0.22514,0.22514,0.22514,260301
2014-11-18,0.22024000000000002,0.22514,0.21045999999999998,0.22514,0.22514,158112
2014-11-19,0.22514,0.22514,0.22514,0.22514,0.22514,59038
2014-11-20,0.22514,0.22514,0.22514,0.22514,0.22514,7355
2014-11-23,0.22514,0.23981999999999998,0.22514,0.23981999999999998,0.23981999999999998,103097
2014-11-24,0.23981999999999998,0.23981999999999998,0.23981999999999998,0.23981999999999998,0.23981999999999998,34495
2014-11-25,0.2349300000000001,0.2349300000000001,0.22024000000000002,0.23003,0.23003,60470
2014-11-26,0.23981999999999998,0.23981999999999998,0.23981999999999998,0.23981999999999998,0.23981999999999998,8173
2014-11-27,0.23981999999999998,0.23981999999999998,0.22024000000000002,0.2349300000000001,0.2349300000000001,106318
2014-11-30,0.2349300000000001,0.23981999999999998,0.22024000000000002,0.23981999999999998,0.23981999999999998,56187
2014-12-01,0.22514,0.22514,0.21045999999999998,0.21045999999999998,0.21045999999999998,103099
2014-12-02,0.21045999999999998,0.2129,0.21045999999999998,0.21045999999999998,0.21045999999999998,16255
2014-12-03,0.24472,0.24472,0.22514,0.22514,0.22514,52816
2014-12-04,0.21045999999999998,0.23003,0.20556,0.23003,0.23003,86088
2014-12-07,0.20556,0.21045999999999998,0.19577,0.20067000000000002,0.20067000000000002,306704
2014-12-08,0.20556,0.20556,0.19088,0.19088,0.19088,53905
2014-12-09,0.19577,0.20556,0.16151,0.1762,0.1762,474276
2014-12-10,0.16641,0.16641,0.15662,0.15662,0.15662,204318
2014-12-11,0.1762,0.1762,0.16151,0.16151,0.16151,107764
2014-12-14,0.16151,0.16641,0.15662,0.15662,0.15662,28374
2014-12-15,0.16151,0.16151,0.13704000000000002,0.15172,0.15172,64674
2014-12-16,0.15172,0.15172,0.14194,0.14194,0.14194,119117
2014-12-17,0.14194,0.14194,0.14194,0.14194,0.14194,0
2014-12-18,0.14194,0.14683,0.13704000000000002,0.14194,0.14194,164777
2014-12-21,0.15172,0.18109,0.15172,0.18109,0.18109,103691
2014-12-22,0.19577,0.19577,0.19577,0.19577,0.19577,48885
2014-12-23,0.19577,0.19577,0.19577,0.19577,0.19577,0
2014-12-28,0.20067000000000002,0.22514,0.19577,0.19577,0.19577,162140
2014-12-29,0.19577,0.22024000000000002,0.19577,0.22024000000000002,0.22024000000000002,12974
2014-12-30,0.22024000000000002,0.22024000000000002,0.22024000000000002,0.22024000000000002,0.22024000000000002,0
2015-01-01,0.20556,0.21045999999999998,0.20556,0.21045999999999998,0.21045999999999998,83770
2015-01-04,0.21045999999999998,0.21045999999999998,0.21045999999999998,0.21045999999999998,0.21045999999999998,0
2015-01-05,0.18598,0.20067000000000002,0.1762,0.20067000000000002,0.20067000000000002,31306
2015-01-06,0.1762,0.1762,0.1713,0.1713,0.1713,76619
2015-01-07,0.1762,0.1762,0.1713,0.1713,0.1713,16492
2015-01-08,0.1762,0.18109,0.1762,0.18109,0.18109,41477
2015-01-11,0.1762,0.1762,0.16641,0.16641,0.16641,113192
2015-01-12,0.18109,0.18598,0.1762,0.18598,0.18598,61295
2015-01-13,0.1762,0.18109,0.1762,0.18109,0.18109,57036
2015-01-14,0.18109,0.18109,0.18109,0.18109,0.18109,0
2015-01-15,0.18598,0.19577,0.18598,0.19577,0.19577,87857
2015-01-18,0.19577,0.20067000000000002,0.19088,0.19088,0.19088,155282
2015-01-19,0.18598,0.18598,0.18598,0.18598,0.18598,7866
2015-01-20,0.18598,0.18598,0.18598,0.18598,0.18598,37096
2015-01-21,0.18598,0.18598,0.18598,0.18598,0.18598,0
2015-01-22,0.18598,0.18598,0.18109,0.18109,0.18109,46847
2015-01-26,0.18109,0.18109,0.16641,0.16641,0.16641,24099
2015-01-27,0.16641,0.16641,0.16151,0.16641,0.16641,20751
2015-01-28,0.16151,0.1762,0.15662,0.15662,0.15662,208923
2015-01-29,0.15662,0.15662,0.15172,0.15662,0.15662,90490
2015-02-01,0.16151,0.16151,0.16151,0.16151,0.16151,16498
2015-02-02,0.16151,0.16641,0.15662,0.16641,0.16641,37077
2015-02-03,0.1713,0.1713,0.16641,0.16641,0.16641,157020
2015-02-04,0.15662,0.16641,0.15662,0.16641,0.16641,95008
2015-02-05,0.15662,0.1713,0.15172,0.15662,0.15662,41958
2015-02-08,0.16151,0.16151,0.15662,0.15662,0.15662,13718
2015-02-09,0.15172,0.15662,0.15172,0.15172,0.15172,15945
2015-02-10,0.15172,0.15172,0.14683,0.14683,0.14683,25787
2015-02-11,0.14683,0.15172,0.14683,0.14683,0.14683,128712
2015-02-12,0.14683,0.14683,0.14683,0.14683,0.14683,28650
2015-02-15,0.14194,0.14194,0.13704000000000002,0.14194,0.14194,120133
2015-02-16,0.14683,0.15662,0.13704000000000002,0.15662,0.15662,105224
2015-02-17,0.15172,0.15662,0.15172,0.15662,0.15662,71511
2015-02-18,0.14194,0.15662,0.14194,0.15662,0.15662,18803
2015-02-19,0.14683,0.16151,0.14194,0.14194,0.14194,189703
2015-02-22,0.14683,0.14683,0.14683,0.14683,0.14683,65858
2015-02-23,0.14194,0.15662,0.14194,0.14194,0.14194,287650
2015-02-24,0.14194,0.14194,0.14194,0.14194,0.14194,15643
2015-02-25,0.14683,0.14683,0.14194,0.14194,0.14194,6767
2015-02-26,0.14683,0.14683,0.14683,0.14683,0.14683,109130
2015-03-01,0.15662,0.15662,0.14194,0.14194,0.14194,73800
2015-03-02,0.14683,0.15662,0.14683,0.15172,0.15172,122233
2015-03-03,0.15662,0.15662,0.14683,0.14683,0.14683,109819
2015-03-04,0.14683,0.14683,0.14683,0.14683,0.14683,98442
2015-03-05,0.14683,0.15172,0.14683,0.14683,0.14683,147773
2015-03-08,0.14683,0.14683,0.14683,0.14683,0.14683,0
2015-03-09,0.15172,0.15172,0.15172,0.15172,0.15172,30648
2015-03-10,0.14683,0.14683,0.14683,0.14683,0.14683,5580
2015-03-11,0.15172,0.15172,0.14683,0.15172,0.15172,117795
2015-03-12,0.15172,0.15172,0.15172,0.15172,0.15172,51123
2015-03-15,0.15172,0.15662,0.13704000000000002,0.14683,0.14683,79525
2015-03-16,0.14194,0.14194,0.13704000000000002,0.14194,0.14194,27582
2015-03-17,0.14194,0.14194,0.14194,0.14194,0.14194,37288
2015-03-18,0.14194,0.14194,0.13704000000000002,0.13704000000000002,0.13704000000000002,34397
2015-03-19,0.14683,0.14683,0.14194,0.14194,0.14194,24978
2015-03-22,0.14683,0.14683,0.14683,0.14683,0.14683,8173
2015-03-23,0.14683,0.14683,0.14194,0.14194,0.14194,37533
2015-03-24,0.15172,0.15662,0.14683,0.15662,0.15662,149837
2015-03-25,0.14194,0.16151,0.14194,0.15662,0.15662,18857
2015-03-26,0.15172,0.15662,0.15172,0.15662,0.15662,43639
2015-03-29,0.15172,0.16151,0.15172,0.15662,0.15662,48497
2015-03-30,0.15172,0.16151,0.15172,0.16151,0.16151,37745
2015-03-31,0.15662,0.15662,0.14683,0.15172,0.15172,59233
2015-04-01,0.15172,0.15172,0.15172,0.15172,0.15172,10471
2015-04-07,0.14683,0.14683,0.13704000000000002,0.14194,0.14194,108636
2015-04-08,0.14194,0.14194,0.14194,0.14194,0.14194,48781
2015-04-09,0.13704000000000002,0.14194,0.13704000000000002,0.14194,0.14194,68734
2015-04-10,0.13704000000000002,0.13704000000000002,0.13704000000000002,0.13704000000000002,0.13704000000000002,70898
2015-04-13,0.13215,0.13215,0.11746,0.11746,0.11746,716955
2015-04-14,0.11746,0.12236,0.11746,0.11746,0.11746,228055
2015-04-15,0.11746,0.11746,0.11746,0.11746,0.11746,1226
2015-04-16,0.12236,0.12725,0.12236,0.12725,0.12725,16783
2015-04-17,0.12725,0.12725,0.12236,0.12236,0.12236,72435
2015-04-20,0.12725,0.13215,0.12236,0.12725,0.12725,91402
2015-04-21,0.13215,0.13704000000000002,0.12725,0.13704000000000002,0.13704000000000002,33562
2015-04-22,0.13704000000000002,0.13704000000000002,0.13704000000000002,0.13704000000000002,0.13704000000000002,0
2015-04-23,0.13704000000000002,0.13704000000000002,0.12725,0.13704000000000002,0.13704000000000002,55535
2015-04-24,0.14683,0.14683,0.14194,0.14194,0.14194,267580
2015-04-27,0.13704000000000002,0.14683,0.13704000000000002,0.13704000000000002,0.13704000000000002,45016
2015-04-28,0.14683,0.14683,0.14683,0.14683,0.14683,43842
2015-04-29,0.14683,0.14683,0.14683,0.14683,0.14683,0
2015-04-30,0.13704000000000002,0.14683,0.13704000000000002,0.14683,0.14683,85095
2015-05-01,0.13704000000000002,0.14683,0.13704000000000002,0.14683,0.14683,92547
2015-05-04,0.14683,0.14683,0.14194,0.14194,0.14194,44104
2015-05-05,0.14683,0.15172,0.14683,0.15172,0.15172,106235
2015-05-06,0.14683,0.15172,0.14683,0.15172,0.15172,30778
2015-05-07,0.14194,0.14194,0.14194,0.14194,0.14194,150964
2015-05-08,0.14194,0.14683,0.14194,0.14683,0.14683,173051
2015-05-11,0.14683,0.16151,0.14683,0.16151,0.16151,116180
2015-05-12,0.15662,0.1762,0.15172,0.1713,0.1713,109285
2015-05-13,0.16151,0.1713,0.16151,0.1713,0.1713,59467
2015-05-14,0.1713,0.1762,0.16641,0.16641,0.16641,57297
2015-05-15,0.1713,0.1713,0.16151,0.16151,0.16151,117483
2015-05-18,0.16151,0.16151,0.14683,0.14683,0.14683,139039
2015-05-19,0.14683,0.14683,0.14683,0.14683,0.14683,64182
2015-05-20,0.14683,0.14683,0.14194,0.14194,0.14194,57970
2015-05-21,0.14683,0.14683,0.14194,0.14194,0.14194,66488
2015-05-22,0.14194,0.14683,0.13704000000000002,0.14194,0.14194,174957
2015-05-25,0.15172,0.15172,0.13704000000000002,0.13704000000000002,0.13704000000000002,514166
2015-05-26,0.14194,0.14194,0.13704000000000002,0.14194,0.14194,153532
2015-05-27,0.14683,0.14683,0.14683,0.14683,0.14683,7352
2015-05-28,0.1713,0.1762,0.14683,0.14683,0.14683,650151
2015-05-29,0.15172,0.15662,0.15172,0.15662,0.15662,27774
2015-06-01,0.15662,0.16641,0.15172,0.15172,0.15172,101495
2015-06-02,0.15662,0.15662,0.15662,0.15662,0.15662,91360
2015-06-03,0.15172,0.15172,0.14683,0.14683,0.14683,14261
2015-06-04,0.15172,0.15172,0.14683,0.14683,0.14683,58024
2015-06-05,0.14683,0.15662,0.14683,0.15662,0.15662,145982
2015-06-09,0.15662,0.16151,0.15662,0.15662,0.15662,84243
2015-06-10,0.15662,0.15662,0.14683,0.14683,0.14683,55184
2015-06-11,0.14683,0.14683,0.14683,0.14683,0.14683,997
2015-06-12,0.15662,0.15662,0.15662,0.15662,0.15662,5469
2015-06-15,0.15662,0.15662,0.14194,0.14194,0.14194,94813
2015-06-16,0.14194,0.14683,0.14194,0.14683,0.14683,12770
2015-06-17,0.14683,0.14683,0.14683,0.14683,0.14683,27580
2015-06-18,0.15172,0.15662,0.14683,0.14683,0.14683,199667
2015-06-19,0.14683,0.14683,0.14683,0.14683,0.14683,70754
2015-06-22,0.14683,0.14683,0.14194,0.14194,0.14194,71007
2015-06-23,0.15662,0.15662,0.14194,0.14194,0.14194,195271
2015-06-24,0.14194,0.14194,0.13704000000000002,0.13704000000000002,0.13704000000000002,43401
2015-06-25,0.13704000000000002,0.13704000000000002,0.13215,0.13215,0.13215,82524
2015-06-26,0.13215,0.13215,0.12725,0.12725,0.12725,226507
2015-06-29,0.13215,0.13215,0.12725,0.12725,0.12725,79376
2015-06-30,0.13215,0.13215,0.12236,0.12236,0.12236,249672
2015-07-01,0.12236,0.12725,0.11257,0.12725,0.12725,320451
2015-07-02,0.12725,0.12725,0.12725,0.12725,0.12725,0
2015-07-03,0.12236,0.12236,0.11746,0.11746,0.11746,42314
2015-07-06,0.11746,0.11746,0.11746,0.11746,0.11746,5108
2015-07-07,0.11746,0.11746,0.11746,0.11746,0.11746,8842
2015-07-08,0.12236,0.12236,0.11746,0.11746,0.11746,39633
2015-07-09,0.11746,0.11746,0.11746,0.11746,0.11746,511
2015-07-10,0.12725,0.12725,0.12725,0.12725,0.12725,6048
2015-07-13,0.12725,0.12725,0.12725,0.12725,0.12725,0
2015-07-14,0.12725,0.12725,0.11746,0.11746,0.11746,54701
2015-07-15,0.12236,0.12236,0.12236,0.12236,0.12236,5108
2015-07-16,0.12236,0.12236,0.12236,0.12236,0.12236,22572
2015-07-17,0.11746,0.12725,0.11746,0.12725,0.12725,14697
2015-07-20,0.12236,0.12236,0.11746,0.11746,0.11746,7560
2015-07-21,0.11746,0.11746,0.11746,0.11746,0.11746,51641
2015-07-22,0.12236,0.12725,0.12236,0.12236,0.12236,120163
2015-07-23,0.12236,0.12236,0.12236,0.12236,0.12236,32964
2015-07-24,0.11746,0.11746,0.11746,0.11746,0.11746,6176
2015-07-27,0.11746,0.11746,0.10278,0.10768,0.10768,119184
2015-07-28,0.10768,0.10768,0.10768,0.10768,0.10768,2554
2015-07-29,0.10768,0.12725,0.10768,0.12725,0.12725,214025
2015-07-30,0.12725,0.13215,0.12725,0.12725,0.12725,66564
2015-07-31,0.13215,0.13215,0.12725,0.12725,0.12725,77896
2015-08-03,0.13215,0.13215,0.13215,0.13215,0.13215,45415
2015-08-04,0.14194,0.14194,0.13704000000000002,0.13704000000000002,0.13704000000000002,136753
2015-08-05,0.14683,0.14683,0.13704000000000002,0.13704000000000002,0.13704000000000002,27271
2015-08-06,0.14683,0.16151,0.14683,0.15662,0.15662,309140
2015-08-07,0.14683,0.20556,0.14683,0.1713,0.1713,534805
2015-08-10,0.16641,0.16641,0.13215,0.13215,0.13215,94556
2015-08-11,0.13215,0.1713,0.13215,0.16151,0.16151,59866
2015-08-12,0.15662,0.15662,0.15172,0.15172,0.15172,122643
2015-08-13,0.14683,0.14683,0.14683,0.14683,0.14683,1723
2015-08-14,0.15172,0.15172,0.14683,0.14683,0.14683,92574
2015-08-17,0.16151,0.16151,0.16151,0.16151,0.16151,24238
2015-08-18,0.15172,0.16151,0.15172,0.16151,0.16151,18654
2015-08-19,0.16151,0.16151,0.14683,0.14683,0.14683,16904
2015-08-20,0.15172,0.16151,0.13704000000000002,0.15662,0.15662,90063
2015-08-21,0.16151,0.18109,0.14683,0.18109,0.18109,113222
2015-08-24,0.1762,0.1762,0.13704000000000002,0.14683,0.14683,288829
2015-08-25,0.14683,0.15172,0.13704000000000002,0.14683,0.14683,225748
2015-08-26,0.15172,0.15172,0.13704000000000002,0.14683,0.14683,39826
2015-08-27,0.15172,0.16641,0.15172,0.16641,0.16641,41806
2015-08-28,0.16641,0.1762,0.16641,0.1762,0.1762,205774
2015-08-31,0.1762,0.1762,0.15662,0.16151,0.16151,264904
2015-09-01,0.16151,0.16151,0.15662,0.15662,0.15662,44352
2015-09-02,0.16151,0.16151,0.15662,0.15662,0.15662,153239
2015-09-03,0.15662,0.16151,0.15662,0.16151,0.16151,5719
2015-09-04,0.15662,0.15662,0.14683,0.14683,0.14683,26557
2015-09-07,0.14683,0.14683,0.14194,0.14194,0.14194,20947
2015-09-08,0.14194,0.14683,0.14194,0.14683,0.14683,17026
2015-09-09,0.14194,0.14194,0.14194,0.14194,0.14194,1020
2015-09-10,0.14194,0.14194,0.14194,0.14194,0.14194,0
2015-09-11,0.14194,0.14194,0.14194,0.14194,0.14194,84672
2015-09-14,0.14194,0.14194,0.13704000000000002,0.13704000000000002,0.13704000000000002,32166
2015-09-15,0.13704000000000002,0.13704000000000002,0.13704000000000002,0.13704000000000002,0.13704000000000002,0
2015-09-16,0.14194,0.14194,0.13704000000000002,0.13704000000000002,0.13704000000000002,75454
2015-09-17,0.13704000000000002,0.13704000000000002,0.13704000000000002,0.13704000000000002,0.13704000000000002,0
2015-09-18,0.13704000000000002,0.13704000000000002,0.13704000000000002,0.13704000000000002,0.13704000000000002,18011
2015-09-21,0.13704000000000002,0.16151,0.13704000000000002,0.15662,0.15662,79035
2015-09-22,0.14683,0.14683,0.14194,0.14194,0.14194,3567
2015-09-23,0.14194,0.14194,0.14194,0.14194,0.14194,0
2015-09-24,0.14683,0.15662,0.14683,0.15662,0.15662,5802
2015-09-25,0.15662,0.15662,0.15662,0.15662,0.15662,0
2015-09-28,0.14683,0.14683,0.14683,0.14683,0.14683,24604
2015-09-29,0.14683,0.14683,0.14683,0.14683,0.14683,0
2015-09-30,0.14683,0.14683,0.14194,0.14194,0.14194,17159
2015-10-01,0.14194,0.14194,0.14194,0.14194,0.14194,0
2015-10-02,0.14194,0.14194,0.14194,0.14194,0.14194,4307
2015-10-04,0.14194,0.14194,0.13704000000000002,0.13704000000000002,0.13704000000000002,12514
2015-10-05,0.14194,0.14194,0.14194,0.14194,0.14194,5670
2015-10-06,0.14194,0.14194,0.14194,0.14194,0.14194,0
2015-10-07,0.14194,0.14194,0.14194,0.14194,0.14194,0
2015-10-08,0.13704000000000002,0.13704000000000002,0.13704000000000002,0.13704000000000002,0.13704000000000002,613
2015-10-11,0.14194,0.14194,0.14194,0.14194,0.14194,23394
2015-10-12,0.14194,0.14194,0.14194,0.14194,0.14194,32609
2015-10-13,0.13704000000000002,0.13704000000000002,0.13704000000000002,0.13704000000000002,0.13704000000000002,10216
2015-10-14,0.13704000000000002,0.13704000000000002,0.13704000000000002,0.13704000000000002,0.13704000000000002,4086
2015-10-15,0.14194,0.14683,0.14194,0.14683,0.14683,50924
2015-10-18,0.14683,0.14683,0.13704000000000002,0.14194,0.14194,99094
2015-10-19,0.14194,0.14194,0.13704000000000002,0.13704000000000002,0.13704000000000002,118854
2015-10-20,0.13704000000000002,0.15172,0.13704000000000002,0.14194,0.14194,117931
2015-10-21,0.14683,0.14683,0.14194,0.14683,0.14683,65397
2015-10-22,0.15172,0.16151,0.15172,0.16151,0.16151,265522
2015-10-25,0.16641,0.16641,0.15662,0.15662,0.15662,84881
2015-10-26,0.15662,0.15662,0.13704000000000002,0.13704000000000002,0.13704000000000002,156055
2015-10-27,0.14194,0.14194,0.13704000000000002,0.13704000000000002,0.13704000000000002,32922
2015-10-28,0.14683,0.15172,0.14683,0.15172,0.15172,163392
2015-10-29,0.14683,0.14683,0.14194,0.14683,0.14683,65296
2015-11-01,0.14683,0.14683,0.14194,0.14194,0.14194,52101
2015-11-02,0.14194,0.14194,0.14194,0.14194,0.14194,20432
2015-11-03,0.14194,0.14194,0.13704000000000002,0.13704000000000002,0.13704000000000002,312329
2015-11-04,0.13704000000000002,0.13704000000000002,0.13704000000000002,0.13704000000000002,0.13704000000000002,34736
2015-11-05,0.13704000000000002,0.13704000000000002,0.13215,0.13215,0.13215,30648
2015-11-08,0.13215,0.13215,0.13215,0.13215,0.13215,15937
2015-11-09,0.13215,0.13215,0.13215,0.13215,0.13215,59232
2015-11-10,0.13215,0.13215,0.13215,0.13215,0.13215,1022
2015-11-11,0.12236,0.12236,0.12236,0.12236,0.12236,44541
2015-11-12,0.14194,0.14194,0.14194,0.14194,0.14194,6810
2015-11-15,0.12725,0.12725,0.12725,0.12725,0.12725,71511
2015-11-16,0.12236,0.12236,0.12236,0.12236,0.12236,33639
2015-11-17,0.12236,0.12236,0.12236,0.12236,0.12236,4207
2015-11-18,0.12236,0.12236,0.12236,0.12236,0.12236,61295
2015-11-19,0.12236,0.12236,0.12236,0.12236,0.12236,15685
2015-11-22,0.11746,0.11746,0.11746,0.11746,0.11746,71511
2015-11-23,0.11746,0.11746,0.10768,0.10768,0.10768,33367
2015-11-24,0.10278,0.10278,0.09397,0.09397,0.09397,114968
2015-11-25,0.09788999999999999,0.10768,0.09788999999999999,0.10768,0.10768,50485
2015-11-26,0.10768,0.10768,0.10768,0.10768,0.10768,0
2015-11-29,0.10768,0.10768,0.10768,0.10768,0.10768,0
2015-11-30,0.09788999999999999,0.09788999999999999,0.09788999999999999,0.09788999999999999,0.09788999999999999,5868
2015-12-01,0.09788999999999999,0.09788999999999999,0.09788999999999999,0.09788999999999999,0.09788999999999999,6744
2015-12-02,0.09788999999999999,0.09788999999999999,0.09788999999999999,0.09788999999999999,0.09788999999999999,4904
2015-12-03,0.10278,0.10278,0.10278,0.10278,0.10278,324
2015-12-06,0.09788999999999999,0.09788999999999999,0.09691,0.09691,0.09691,15616
2015-12-07,0.09788999999999999,0.09788999999999999,0.09691,0.09691,0.09691,106975
2015-12-08,0.09397,0.09495,0.09299,0.09495,0.09495,115479
2015-12-09,0.10278,0.10278,0.09495,0.09495,0.09495,115664
2015-12-10,0.09495,0.09495,0.09495,0.09495,0.09495,0
2015-12-13,0.09495,0.10768,0.09495,0.10278,0.10278,42375
2015-12-14,0.10768,0.10768,0.10768,0.10768,0.10768,32309
2015-12-15,0.10962999999999999,0.11746,0.10962999999999999,0.11746,0.11746,78008
2015-12-16,0.10278,0.10278,0.10278,0.10278,0.10278,3220
2015-12-17,0.10278,0.10278,0.10278,0.10278,0.10278,18366
2015-12-20,0.10278,0.10278,0.10278,0.10278,0.10278,0
2015-12-21,0.11257,0.11257,0.09788999999999999,0.09788999999999999,0.09788999999999999,159959
2015-12-22,0.09788999999999999,0.09788999999999999,0.09788999999999999,0.09788999999999999,0.09788999999999999,0
2015-12-23,0.09788999999999999,0.09788999999999999,0.09788999999999999,0.09788999999999999,0.09788999999999999,0
2015-12-27,0.09788999999999999,0.09788999999999999,0.09788999999999999,0.09788999999999999,0.09788999999999999,0
2015-12-28,0.09788999999999999,0.09788999999999999,0.09788999999999999,0.09788999999999999,0.09788999999999999,0
2015-12-29,0.09788999999999999,0.09788999999999999,0.09593,0.09691,0.09691,56698
2015-12-30,0.09861,0.09861,0.09861,0.09861,0.09861,80620
2016-01-03,0.09861,0.09861,0.09861,0.09861,0.09861,411949
2016-01-04,0.09861,0.09861,0.09861,0.09861,0.09861,0
2016-01-05,0.09467,0.09467,0.09467,0.09467,0.09467,6115
2016-01-06,0.09467,0.09467,0.09467,0.09467,0.09467,0
2016-01-07,0.09467,0.09467,0.08875,0.08875,0.08875,125716
2016-01-10,0.08875,0.08875,0.08875,0.08875,0.08875,13183
2016-01-11,0.08875,0.08875,0.08875,0.08875,0.08875,41070
2016-01-12,0.08974,0.08974,0.08578999999999999,0.08578999999999999,0.08578999999999999,58672
2016-01-13,0.08678,0.08678,0.08678,0.08678,0.08678,3938
2016-01-14,0.08875,0.08875,0.08875,0.08875,0.08875,12169
2016-01-17,0.08875,0.09072000000000001,0.08875,0.09072000000000001,0.09072000000000001,18254
2016-01-18,0.08974,0.08974,0.08875,0.08875,0.08875,37521
2016-01-19,0.09072000000000001,0.09072000000000001,0.09072000000000001,0.09072000000000001,0.09072000000000001,10141
2016-01-20,0.09072000000000001,0.09072000000000001,0.08678,0.08678,0.08678,423551
2016-01-21,0.08776,0.08875,0.08776,0.08875,0.08875,121690
2016-01-24,0.08875,0.08875,0.08875,0.08875,0.08875,101247
2016-01-26,0.08875,0.08875,0.08875,0.08875,0.08875,0
2016-01-27,0.08481,0.08578999999999999,0.08481,0.08578999999999999,0.08578999999999999,3788
2016-01-28,0.08578999999999999,0.08875,0.08578999999999999,0.08875,0.08875,126426
2016-01-31,0.08875,0.08875,0.08481,0.08875,0.08875,194030
2016-02-01,0.08776,0.08875,0.08776,0.08875,0.08875,76893
2016-02-02,0.08875,0.08974,0.08875,0.08974,0.08974,40819
2016-02-03,0.09072000000000001,0.09072000000000001,0.09072000000000001,0.09072000000000001,0.09072000000000001,6490
2016-02-04,0.09072000000000001,0.09269,0.09072000000000001,0.09269,0.09269,269327
2016-02-07,0.09269,0.09269,0.09269,0.09269,0.09269,0
2016-02-08,0.09171,0.09861,0.09171,0.09861,0.09861,128439
2016-02-09,0.09861,0.09861,0.09861,0.09861,0.09861,0
2016-02-10,0.09368,0.09861,0.09368,0.09861,0.09861,329823
2016-02-11,0.09861,0.09861,0.09861,0.09861,0.09861,199577
2016-02-14,0.09861,0.09861,0.09861,0.09861,0.09861,0
2016-02-15,0.09762,0.09762,0.09467,0.09467,0.09467,60845
2016-02-16,0.09368,0.09368,0.08974,0.08974,0.08974,74167
2016-02-17,0.09171,0.09171,0.09171,0.09171,0.09171,10141
2016-02-18,0.09171,0.09171,0.09072000000000001,0.09171,0.09171,70986
2016-02-21,0.09762,0.09762,0.08875,0.08875,0.08875,139184
2016-02-22,0.08875,0.08875,0.08875,0.08875,0.08875,0
2016-02-23,0.08875,0.08875,0.08481,0.08481,0.08481,55531
2016-02-24,0.08875,0.08875,0.08875,0.08875,0.08875,40563
2016-02-25,0.09861,0.09861,0.09861,0.09861,0.09861,10141
2016-02-28,0.08678,0.08678,0.08678,0.08678,0.08678,23324
2016-02-29,0.09861,0.09861,0.09861,0.09861,0.09861,88225
2016-03-01,0.09861,0.09861,0.09269,0.09269,0.09269,30423
2016-03-02,0.09269,0.09269,0.08974,0.08974,0.08974,81558
2016-03-03,0.09861,0.09861,0.08974,0.08974,0.08974,10648
2016-03-06,0.09762,0.09762,0.08974,0.08974,0.08974,90246
2016-03-07,0.09072000000000001,0.09072000000000001,0.09072000000000001,0.09072000000000001,0.09072000000000001,4056
2016-03-08,0.09072000000000001,0.09072000000000001,0.08875,0.08875,0.08875,223099
2016-03-09,0.08974,0.08974,0.08974,0.08974,0.08974,20282
2016-03-10,0.08974,0.08974,0.08974,0.08974,0.08974,68521
2016-03-13,0.08974,0.09171,0.08974,0.09171,0.09171,20641
2016-03-14,0.08974,0.08974,0.08974,0.08974,0.08974,50704
2016-03-15,0.09171,0.09171,0.09171,0.09171,0.09171,655
2016-03-16,0.09072000000000001,0.09072000000000001,0.09072000000000001,0.09072000000000001,0.09072000000000001,78742
2016-03-17,0.09072000000000001,0.09072000000000001,0.09072000000000001,0.09072000000000001,0.09072000000000001,28394
2016-03-20,0.08974,0.08974,0.08974,0.08974,0.08974,16534
2016-03-21,0.08974,0.08974,0.08974,0.08974,0.08974,0
2016-03-22,0.09072000000000001,0.09861,0.08974,0.09861,0.09861,371161
2016-03-23,0.10354000000000001,0.10847000000000001,0.10354000000000001,0.10847000000000001,0.10847000000000001,206408
2016-03-28,0.12326,0.13312000000000002,0.1134,0.1134,0.1134,601166
2016-03-29,0.12326,0.12819,0.1134,0.12326,0.12326,577724
2016-03-30,0.11832999999999999,0.12819,0.11832999999999999,0.12819,0.12819,343664
2016-03-31,0.12819,0.13312000000000002,0.12326,0.13312000000000002,0.13312000000000002,205809
2016-04-04,0.12819,0.12819,0.12326,0.12326,0.12326,132041
2016-04-05,0.12326,0.12819,0.12326,0.12326,0.12326,44704
2016-04-06,0.12326,0.12326,0.12326,0.12326,0.12326,195704
2016-04-07,0.11832999999999999,0.11832999999999999,0.11832999999999999,0.11832999999999999,0.11832999999999999,50804
2016-04-08,0.11832999999999999,0.11832999999999999,0.1134,0.1134,0.1134,262549
2016-04-11,0.11832999999999999,0.12326,0.11832999999999999,0.12326,0.12326,63230
2016-04-12,0.11832999999999999,0.12819,0.11832999999999999,0.12819,0.12819,196056
2016-04-13,0.12326,0.12326,0.12326,0.12326,0.12326,25352
2016-04-14,0.11832999999999999,0.14299,0.11832999999999999,0.14299,0.14299,233441
2016-04-15,0.13806,0.13806,0.13312000000000002,0.13312000000000002,0.13312000000000002,106821
2016-04-18,0.13806,0.14299,0.13806,0.14299,0.14299,246053
2016-04-19,0.14299,0.14299,0.13806,0.13806,0.13806,323697
2016-04-20,0.13806,0.15285,0.13806,0.13806,0.13806,541935
2016-04-21,0.14792,0.14792,0.14299,0.14792,0.14792,113704
2016-04-22,0.14792,0.15285,0.14299,0.14792,0.14792,242828
2016-04-26,0.15778,0.15778,0.14792,0.14792,0.14792,778067
2016-04-27,0.14792,0.14792,0.14792,0.14792,0.14792,6682
2016-04-28,0.14792,0.15778,0.14792,0.15778,0.15778,49265
2016-04-29,0.15778,0.16271,0.14792,0.16271,0.16271,352224
2016-05-02,0.16271,0.16271,0.15778,0.15778,0.15778,141619
2016-05-03,0.16271,0.16271,0.15778,0.15778,0.15778,200451
2016-05-04,0.15778,0.15778,0.14792,0.14792,0.14792,39789
2016-05-05,0.14792,0.14792,0.14299,0.14792,0.14792,155209
2016-05-06,0.14792,0.15778,0.14792,0.15778,0.15778,134214
2016-05-09,0.15778,0.16271,0.14792,0.14792,0.14792,663570
2016-05-10,0.14792,0.15285,0.14792,0.15285,0.15285,282477
2016-05-11,0.15285,0.15778,0.14299,0.14299,0.14299,211792
2016-05-12,0.14792,0.15285,0.14792,0.15285,0.15285,176440
2016-05-13,0.15285,0.15285,0.14299,0.14299,0.14299,125212
2016-05-16,0.16271,0.16764,0.14792,0.14792,0.14792,540446
2016-05-17,0.14792,0.14792,0.14792,0.14792,0.14792,0
2016-05-18,0.14299,0.15285,0.14299,0.15285,0.15285,24845
2016-05-19,0.15285,0.15285,0.14299,0.14792,0.14792,105536
2016-05-20,0.14792,0.14792,0.14792,0.14792,0.14792,0
2016-05-23,0.14792,0.14792,0.13806,0.13806,0.13806,93100
2016-05-24,0.13806,0.13806,0.13806,0.13806,0.13806,0
2016-05-25,0.14299,0.14299,0.12819,0.12819,0.12819,85934
2016-05-26,0.13806,0.13806,0.13806,0.13806,0.13806,2421
2016-05-27,0.13806,0.16271,0.13806,0.14792,0.14792,95527
2016-05-30,0.14792,0.14792,0.14792,0.14792,0.14792,0
2016-05-31,0.14792,0.14792,0.14792,0.14792,0.14792,67676
2016-06-01,0.15778,0.15778,0.14792,0.14792,0.14792,121153
2016-06-02,0.14792,0.14792,0.14792,0.14792,0.14792,25352
2016-06-03,0.14792,0.14792,0.14792,0.14792,0.14792,184348
2016-06-06,0.14299,0.15285,0.12819,0.14792,0.14792,474355
2016-06-07,0.14792,0.15285,0.14792,0.15285,0.15285,56028
2016-06-08,0.14792,0.15285,0.14792,0.15285,0.15285,14574
2016-06-09,0.14792,0.16271,0.14792,0.16271,0.16271,61444
2016-06-10,0.15778,0.15778,0.14792,0.15285,0.15285,75113
2016-06-14,0.15285,0.15285,0.15285,0.15285,0.15285,41685
2016-06-15,0.15778,0.16271,0.14792,0.15285,0.15285,169812
2016-06-16,0.15285,0.16271,0.15285,0.16271,0.16271,327843
2016-06-17,0.16271,0.16764,0.16271,0.16764,0.16764,166788
2016-06-20,0.16764,0.16764,0.15285,0.15778,0.15778,201400
2016-06-21,0.17257,0.18243,0.16764,0.1775,0.1775,200519
2016-06-22,0.1775,0.1775,0.16764,0.16764,0.16764,118668
2016-06-23,0.16764,0.1775,0.16764,0.17257,0.17257,148475
2016-06-24,0.17257,0.17257,0.17257,0.17257,0.17257,53747
2016-06-27,0.1775,0.1775,0.16271,0.16271,0.16271,164890
2016-06-28,0.15778,0.15778,0.15778,0.15778,0.15778,113829
2016-06-29,0.15778,0.16764,0.15778,0.16764,0.16764,215607
2016-06-30,0.16764,0.19722,0.16764,0.19229000000000002,0.19229000000000002,198799
2016-07-01,0.19229000000000002,0.19229000000000002,0.18736,0.18736,0.18736,268067
2016-07-04,0.18736,0.18736,0.18736,0.18736,0.18736,5070
2016-07-05,0.18243,0.18243,0.1775,0.1775,0.1775,102711
2016-07-06,0.1775,0.1775,0.17257,0.17257,0.17257,82040
2016-07-07,0.17257,0.1775,0.16764,0.16764,0.16764,87965
2016-07-08,0.16764,0.1775,0.16764,0.1775,0.1775,101739
2016-07-11,0.1775,0.1775,0.1775,0.1775,0.1775,2535
2016-07-12,0.17257,0.1775,0.17257,0.17257,0.17257,250584
2016-07-13,0.17257,0.17257,0.17257,0.17257,0.17257,138169
2016-07-14,0.17257,0.17257,0.17257,0.17257,0.17257,12676
2016-07-15,0.17257,0.17257,0.16764,0.16764,0.16764,50045
2016-07-18,0.16271,0.16271,0.16271,0.16271,0.16271,162254
2016-07-19,0.16271,0.16271,0.15778,0.15778,0.15778,87328
2016-07-20,0.16271,0.16271,0.16271,0.16271,0.16271,3448
2016-07-21,0.15778,0.15778,0.15778,0.15778,0.15778,15286
2016-07-22,0.15778,0.15778,0.15778,0.15778,0.15778,0
2016-07-25,0.15778,0.15778,0.15778,0.15778,0.15778,53475
2016-07-26,0.15778,0.15778,0.15778,0.15778,0.15778,0
2016-07-27,0.15778,0.15778,0.15778,0.15778,0.15778,2332
2016-07-28,0.16271,0.16271,0.16271,0.16271,0.16271,49247
2016-07-29,0.15778,0.17257,0.15778,0.17257,0.17257,338749
2016-08-01,0.16764,0.17257,0.16271,0.16271,0.16271,387685
2016-08-02,0.17257,0.17257,0.16764,0.16764,0.16764,102177
2016-08-03,0.16764,0.16764,0.16271,0.16271,0.16271,79910
2016-08-04,0.16271,0.16271,0.16271,0.16271,0.16271,173611
2016-08-05,0.16764,0.17257,0.16764,0.17257,0.17257,35823
2016-08-08,0.16764,0.16764,0.16764,0.16764,0.16764,33627
2016-08-09,0.16764,0.16764,0.16764,0.16764,0.16764,0
2016-08-10,0.17257,0.17257,0.17257,0.17257,0.17257,85468
2016-08-11,0.17257,0.17257,0.17257,0.17257,0.17257,187799
2016-08-12,0.17257,0.17257,0.17257,0.17257,0.17257,291059
2016-08-15,0.17257,0.1775,0.17257,0.1775,0.1775,154716
2016-08-16,0.1775,0.18736,0.1775,0.18736,0.18736,37014
2016-08-17,0.18736,0.18736,0.18736,0.18736,0.18736,0
2016-08-18,0.18736,0.18736,0.18736,0.18736,0.18736,0
2016-08-19,0.24653000000000005,0.24653000000000005,0.20708000000000001,0.21694000000000002,0.21694000000000002,2184616
2016-08-22,0.21694000000000002,0.21694000000000002,0.20215,0.20215,0.20215,336599
2016-08-23,0.1775,0.19229000000000002,0.1775,0.18243,0.18243,292672
2016-08-24,0.18243,0.18243,0.18243,0.18243,0.18243,0
2016-08-25,0.19229000000000002,0.19722,0.18736,0.19722,0.19722,199659
2016-08-26,0.20215,0.21694000000000002,0.20215,0.20708000000000001,0.20708000000000001,145438
2016-08-29,0.20708000000000001,0.20708000000000001,0.20215,0.20708000000000001,0.20708000000000001,149440
2016-08-30,0.20708000000000001,0.21694000000000002,0.20708000000000001,0.21201,0.21201,175944
2016-08-31,0.21694000000000002,0.23174,0.21694000000000002,0.23174,0.23174,428259
2016-09-01,0.23174,0.23667,0.22680999999999998,0.23667,0.23667,147345
2016-09-02,0.23174,0.23667,0.23174,0.23667,0.23667,195304
2016-09-05,0.23667,0.23667,0.22680999999999998,0.22680999999999998,0.22680999999999998,231679
2016-09-06,0.22680999999999998,0.23667,0.22680999999999998,0.23667,0.23667,134948
2016-09-07,0.23174,0.23667,0.23174,0.23174,0.23174,135333
2016-09-08,0.23174,0.2416,0.22680999999999998,0.23667,0.23667,245837
2016-09-09,0.2416,0.24653000000000005,0.23667,0.24653000000000005,0.24653000000000005,215097
2016-09-12,0.24653000000000005,0.25639,0.24653000000000005,0.25639,0.25639,274671
2016-09-13,0.25146,0.25639,0.24653000000000005,0.24653000000000005,0.24653000000000005,88153
2016-09-14,0.24653000000000005,0.25146,0.24653000000000005,0.24653000000000005,0.24653000000000005,17097
2016-09-15,0.25639,0.25639,0.25639,0.25639,0.25639,32452
2016-09-16,0.25639,0.25639,0.24653000000000005,0.24653000000000005,0.24653000000000005,27188
2016-09-19,0.25639,0.26625,0.25639,0.26132,0.26132,212425
2016-09-20,0.25639,0.25639,0.25146,0.25146,0.25146,168193
2016-09-21,0.25146,0.25639,0.25146,0.25639,0.25639,41070
2016-09-22,0.25639,0.25639,0.25639,0.25639,0.25639,70224
2016-09-23,0.25639,0.25639,0.25639,0.25639,0.25639,38535
2016-09-26,0.24653000000000005,0.24653000000000005,0.24653000000000005,0.24653000000000005,0.24653000000000005,98873
2016-09-27,0.24653000000000005,0.24653000000000005,0.24653000000000005,0.24653000000000005,0.24653000000000005,247697
2016-09-28,0.24653000000000005,0.26132,0.24653000000000005,0.25639,0.25639,116681
2016-09-29,0.25639,0.26132,0.25639,0.25639,0.25639,247832
2016-09-30,0.26132,0.27118000000000003,0.26132,0.27118000000000003,0.27118000000000003,347979
2016-10-02,0.26625,0.26625,0.26132,0.26132,0.26132,135894
2016-10-03,0.25639,0.25639,0.25146,0.25146,0.25146,306569
2016-10-04,0.25146,0.25146,0.24653000000000005,0.25146,0.25146,175804
2016-10-05,0.25639,0.25639,0.25639,0.25639,0.25639,20282
2016-10-06,0.25639,0.26625,0.25639,0.26625,0.26625,119891
2016-10-09,0.26625,0.26625,0.25146,0.25146,0.25146,227720
2016-10-10,0.25639,0.26132,0.25639,0.26132,0.26132,134873
2016-10-11,0.26132,0.26132,0.26132,0.26132,0.26132,18015
2016-10-12,0.26132,0.26132,0.25639,0.25639,0.25639,93685
2016-10-13,0.25639,0.25639,0.25146,0.25146,0.25146,149037
2016-10-16,0.25146,0.25639,0.24653000000000005,0.24653000000000005,0.24653000000000005,485632
2016-10-17,0.2416,0.24653000000000005,0.2416,0.2416,0.2416,49434
2016-10-18,0.23667,0.23667,0.21694000000000002,0.22680999999999998,0.22680999999999998,424162
2016-10-19,0.21694000000000002,0.21694000000000002,0.21201,0.21201,0.21201,110671
2016-10-20,0.21201,0.21201,0.21201,0.21201,0.21201,6972
2016-10-23,0.21201,0.21694000000000002,0.19722,0.19722,0.19722,259584
2016-10-24,0.19722,0.19722,0.19722,0.19722,0.19722,39476
2016-10-25,0.19722,0.21201,0.19722,0.21201,0.21201,91535
2016-10-26,0.21694000000000002,0.21694000000000002,0.21694000000000002,0.21694000000000002,0.21694000000000002,120572
2016-10-27,0.21694000000000002,0.21694000000000002,0.21399,0.21694000000000002,0.21694000000000002,132650
2016-10-30,0.21694000000000002,0.21694000000000002,0.21694000000000002,0.21694000000000002,0.21694000000000002,45186
2016-10-31,0.21694000000000002,0.22680999999999998,0.21694000000000002,0.22680999999999998,0.22680999999999998,15405
2016-11-01,0.22680999999999998,0.22680999999999998,0.22680999999999998,0.22680999999999998,0.22680999999999998,0
2016-11-02,0.23174,0.23667,0.23174,0.23667,0.23667,63114
2016-11-03,0.22680999999999998,0.22680999999999998,0.21694000000000002,0.21694000000000002,0.21694000000000002,50547
2016-11-06,0.21694000000000002,0.21694000000000002,0.21694000000000002,0.21694000000000002,0.21694000000000002,0
2016-11-07,0.21694000000000002,0.21694000000000002,0.21694000000000002,0.21694000000000002,0.21694000000000002,0
2016-11-08,0.22680999999999998,0.23174,0.22186999999999998,0.22186999999999998,0.22186999999999998,354135
2016-11-09,0.22680999999999998,0.23667,0.22680999999999998,0.23667,0.23667,152113
2016-11-10,0.2416,0.25146,0.23667,0.25146,0.25146,249762
2016-11-13,0.25146,0.25639,0.25146,0.25639,0.25639,145385
2016-11-14,0.26132,0.27610999999999997,0.26132,0.27610999999999997,0.27610999999999997,308468
2016-11-15,0.28104,0.28597,0.26625,0.26625,0.26625,160514
2016-11-16,0.26625,0.26625,0.25639,0.26132,0.26132,135105
2016-11-17,0.25146,0.26132,0.25146,0.26132,0.26132,74041
2016-11-20,0.25639,0.26132,0.25639,0.26132,0.26132,38359
2016-11-21,0.26132,0.26625,0.26132,0.26132,0.26132,11755
2016-11-22,0.26625,0.26625,0.26625,0.26625,0.26625,11152
2016-11-23,0.26132,0.26132,0.26132,0.26132,0.26132,146879
2016-11-24,0.26132,0.26132,0.25639,0.25639,0.25639,178553
2016-11-27,0.25146,0.25639,0.25146,0.25639,0.25639,15493
2016-11-28,0.25639,0.26132,0.23667,0.23667,0.23667,301915
2016-11-29,0.23667,0.23667,0.23667,0.23667,0.23667,72994
2016-11-30,0.23667,0.23667,0.23667,0.23667,0.23667,0
2016-12-01,0.23667,0.23667,0.23667,0.23667,0.23667,48696
2016-12-04,0.23667,0.23667,0.23667,0.23667,0.23667,120736
2016-12-05,0.22186999999999998,0.22186999999999998,0.21201,0.21201,0.21201,70830
2016-12-06,0.21201,0.21201,0.21201,0.21201,0.21201,0
2016-12-07,0.22186999999999998,0.22186999999999998,0.22186999999999998,0.22186999999999998,0.22186999999999998,1253
2016-12-08,0.22186999999999998,0.22186999999999998,0.22186999999999998,0.22186999999999998,0.22186999999999998,0
2016-12-11,0.22186999999999998,0.22186999999999998,0.22186999999999998,0.22186999999999998,0.22186999999999998,0
2016-12-12,0.2416,0.24653000000000005,0.2416,0.24653000000000005,0.24653000000000005,17270
2016-12-13,0.25146,0.25146,0.24653000000000005,0.25146,0.25146,55371
2016-12-14,0.24653000000000005,0.25639,0.24653000000000005,0.25639,0.25639,31923
2016-12-15,0.26625,0.26625,0.25639,0.25639,0.25639,169860
2016-12-18,0.27118000000000003,0.27118000000000003,0.26625,0.27118000000000003,0.27118000000000003,30749
2016-12-19,0.26625,0.26625,0.25639,0.26132,0.26132,64252
2016-12-20,0.26625,0.26625,0.26625,0.26625,0.26625,297041
2016-12-21,0.26132,0.26132,0.25639,0.25639,0.25639,75107
2016-12-22,0.25639,0.25639,0.25639,0.25639,0.25639,29550
2016-12-27,0.25639,0.25639,0.25639,0.25639,0.25639,54863
2016-12-28,0.25639,0.26132,0.25639,0.26132,0.26132,6581
2016-12-29,0.26132,0.26132,0.26132,0.26132,0.26132,0
2017-01-02,0.26132,0.26132,0.26132,0.26132,0.26132,0
2017-01-03,0.26132,0.26132,0.26132,0.26132,0.26132,272
2017-01-04,0.26132,0.26132,0.26132,0.26132,0.26132,0
2017-01-05,0.26132,0.26132,0.26132,0.26132,0.26132,5975
2017-01-08,0.26625,0.26625,0.25146,0.25639,0.25639,102804
2017-01-09,0.25639,0.25639,0.25639,0.25639,0.25639,27480
2017-01-10,0.25639,0.25639,0.25639,0.25639,0.25639,4053
2017-01-11,0.25639,0.25639,0.25146,0.25146,0.25146,49532
2017-01-12,0.25146,0.25146,0.25146,0.25146,0.25146,0
2017-01-15,0.25639,0.25639,0.25146,0.25146,0.25146,78592
2017-01-16,0.25146,0.25146,0.23667,0.24653000000000005,0.24653000000000005,35927
2017-01-17,0.24653000000000005,0.24653000000000005,0.24653000000000005,0.24653000000000005,0.24653000000000005,0
2017-01-18,0.25639,0.25639,0.24653000000000005,0.24653000000000005,0.24653000000000005,195232
2017-01-19,0.24653000000000005,0.24653000000000005,0.24653000000000005,0.24653000000000005,0.24653000000000005,1014
2017-01-22,0.24653000000000005,0.24653000000000005,0.2416,0.24653000000000005,0.24653000000000005,189790
2017-01-23,0.25146,0.25146,0.2416,0.2416,0.2416,12950
2017-01-24,0.2416,0.24653000000000005,0.2416,0.24653000000000005,0.24653000000000005,1374
2017-01-26,0.24653000000000005,0.24653000000000005,0.24653000000000005,0.24653000000000005,0.24653000000000005,0
2017-01-29,0.2416,0.2416,0.2416,0.2416,0.2416,1
2017-01-30,0.2416,0.2416,0.2416,0.2416,0.2416,167371
2017-01-31,0.2416,0.24653000000000005,0.23667,0.24653000000000005,0.24653000000000005,78887
2017-02-01,0.24653000000000005,0.24653000000000005,0.24653000000000005,0.24653000000000005,0.24653000000000005,0
2017-02-02,0.24653000000000005,0.24653000000000005,0.24653000000000005,0.24653000000000005,0.24653000000000005,0
2017-02-05,0.23667,0.25146,0.23667,0.25146,0.25146,101815
2017-02-06,0.24653000000000005,0.24653000000000005,0.24653000000000005,0.24653000000000005,0.24653000000000005,3114
2017-02-07,0.25639,0.25639,0.25639,0.25639,0.25639,331200
2017-02-08,0.26625,0.30569,0.26625,0.26625,0.26625,203974
2017-02-09,0.27118000000000003,0.27118000000000003,0.27118000000000003,0.27118000000000003,0.27118000000000003,28394
2017-02-12,0.26625,0.2909,0.26625,0.2909,0.2909,175571
2017-02-13,0.29583000000000004,0.31062,0.2909,0.30075999999999997,0.30075999999999997,548306
2017-02-14,0.30075999999999997,0.30075999999999997,0.30075999999999997,0.30075999999999997,0.30075999999999997,0
2017-02-15,0.29583000000000004,0.29583000000000004,0.27118000000000003,0.28104,0.28104,109533
2017-02-16,0.28597,0.30075999999999997,0.28597,0.29583000000000004,0.29583000000000004,200051
2017-02-19,0.28104,0.28104,0.27610999999999997,0.27610999999999997,0.27610999999999997,46141
2017-02-20,0.27610999999999997,0.27610999999999997,0.27118000000000003,0.27118000000000003,0.27118000000000003,63473
2017-02-21,0.27610999999999997,0.28104,0.27610999999999997,0.28104,0.28104,81503
2017-02-22,0.28104,0.29583000000000004,0.28104,0.28597,0.28597,23352
2017-02-23,0.28597,0.30075999999999997,0.28597,0.28597,0.28597,77600
2017-02-26,0.29583000000000004,0.29583000000000004,0.28597,0.29583000000000004,0.29583000000000004,25551
2017-02-27,0.2909,0.2909,0.27610999999999997,0.27610999999999997,0.27610999999999997,127092
2017-02-28,0.28597,0.28597,0.28597,0.28597,0.28597,32958
2017-03-01,0.2909,0.2909,0.28597,0.28597,0.28597,90578
2017-03-02,0.28597,0.29583000000000004,0.27610999999999997,0.27610999999999997,0.27610999999999997,78954
2017-03-05,0.27610999999999997,0.29583000000000004,0.27610999999999997,0.29583000000000004,0.29583000000000004,110497
2017-03-06,0.28597,0.28597,0.28597,0.28597,0.28597,26577
2017-03-07,0.28597,0.28597,0.27610999999999997,0.27610999999999997,0.27610999999999997,174559
2017-03-08,0.28597,0.30075999999999997,0.28597,0.28597,0.28597,207854
2017-03-09,0.27610999999999997,0.28104,0.27610999999999997,0.28104,0.28104,9390
2017-03-12,0.28104,0.28104,0.27610999999999997,0.27610999999999997,0.27610999999999997,12604
2017-03-13,0.28597,0.31062,0.26625,0.31062,0.31062,499650
2017-03-14,0.31062,0.31556,0.2909,0.31556,0.31556,692128
2017-03-15,0.30569,0.32542,0.2909,0.31556,0.31556,309408
2017-03-16,0.31556,0.35007,0.31556,0.35007,0.35007,259197
2017-03-19,0.35007,0.35007,0.33528,0.35007,0.35007,47364
2017-03-20,0.34514,0.34514,0.34514,0.34514,0.34514,32513
2017-03-21,0.355,0.40924,0.355,0.39444,0.39444,484327
2017-03-22,0.40431,0.4191,0.36486,0.38458000000000003,0.38458000000000003,505897
2017-03-23,0.38458000000000003,0.38950999999999997,0.37472,0.37472,0.37472,83062
2017-03-26,0.37965,0.40431,0.37472,0.39937,0.39937,352516
2017-03-27,0.39937,0.43882,0.38950999999999997,0.40924,0.40924,481034
2017-03-28,0.41417,0.44375,0.38458000000000003,0.39937,0.39937,522582
2017-03-29,0.40431,0.41417,0.39444,0.40924,0.40924,155294
2017-03-30,0.4191,0.4289600000000001,0.4191,0.4289600000000001,0.4289600000000001,135016
2017-04-03,0.4289600000000001,0.4289600000000001,0.40431,0.40924,0.40924,74980
2017-04-04,0.42403,0.42403,0.40431,0.41417,0.41417,131846
2017-04-05,0.40924,0.4191,0.40924,0.40924,0.40924,196333
2017-04-06,0.4191,0.4191,0.40924,0.40924,0.40924,148790
2017-04-07,0.40431,0.41417,0.38458000000000003,0.38458000000000003,0.38458000000000003,269024
2017-04-10,0.39937,0.39937,0.38458000000000003,0.38458000000000003,0.38458000000000003,268940
2017-04-11,0.38458000000000003,0.38458000000000003,0.36486,0.36486,0.36486,236848
2017-04-12,0.36486,0.36486,0.34514,0.34514,0.34514,46176
2017-04-13,0.34514,0.35993,0.32542,0.35993,0.35993,128828
2017-04-18,0.36486,0.36486,0.355,0.35993,0.35993,175732
2017-04-19,0.36486,0.37472,0.33528,0.36486,0.36486,883902
2017-04-20,0.36486,0.36486,0.34021,0.36486,0.36486,162486
2017-04-21,0.37472,0.38458000000000003,0.37472,0.38458000000000003,0.38458000000000003,72226
2017-04-24,0.38950999999999997,0.39444,0.37472,0.37472,0.37472,42413
2017-04-26,0.35993,0.35993,0.34514,0.35993,0.35993,192090
2017-04-27,0.34514,0.34514,0.32542,0.32542,0.32542,89151
2017-04-28,0.32542,0.34021,0.32542,0.34021,0.34021,511453
2017-05-01,0.32542,0.32542,0.30569,0.32542,0.32542,20185
2017-05-02,0.32542,0.33528,0.32049,0.33528,0.33528,119946
2017-05-03,0.34021,0.34021,0.33528,0.33528,0.33528,49533
2017-05-04,0.33528,0.355,0.33528,0.34514,0.34514,66473
2017-05-05,0.355,0.3619,0.35007,0.355,0.355,253513
2017-05-08,0.355,0.35993,0.355,0.35993,0.35993,123795
2017-05-09,0.35993,0.35993,0.33528,0.33528,0.33528,14523
2017-05-10,0.34514,0.35993,0.34514,0.35993,0.35993,29672
2017-05-11,0.35993,0.37965,0.35993,0.37965,0.37965,91442
2017-05-12,0.37965,0.37965,0.37472,0.37965,0.37965,48663
2017-05-15,0.34514,0.34514,0.34021,0.34021,0.34021,73578
2017-05-16,0.34514,0.355,0.34021,0.355,0.355,39027
2017-05-17,0.35993,0.36486,0.35993,0.36486,0.36486,61733
2017-05-18,0.36486,0.37472,0.36486,0.36486,0.36486,181956
2017-05-19,0.36486,0.36486,0.36486,0.36486,0.36486,110305
2017-05-22,0.36486,0.36486,0.36486,0.36486,0.36486,42238
2017-05-23,0.36979,0.36979,0.36979,0.36979,0.36979,20282
2017-05-24,0.355,0.355,0.355,0.355,0.355,8336
2017-05-25,0.37472,0.37472,0.37472,0.37472,0.37472,7464
2017-05-26,0.355,0.355,0.355,0.355,0.355,20282
2017-05-29,0.34514,0.34514,0.34514,0.34514,0.34514,126761
2017-05-30,0.34514,0.35993,0.34514,0.35993,0.35993,7543
2017-05-31,0.35993,0.35993,0.35993,0.35993,0.35993,10141
2017-06-01,0.35993,0.36486,0.34514,0.34514,0.34514,123124
2017-06-02,0.34514,0.355,0.34514,0.34514,0.34514,83843
2017-06-05,0.34514,0.355,0.34514,0.355,0.355,50420
2017-06-06,0.34514,0.34514,0.34514,0.34514,0.34514,7880
2017-06-07,0.34514,0.34514,0.34021,0.34021,0.34021,18259
2017-06-08,0.34021,0.34021,0.33035,0.33528,0.33528,37516
2017-06-09,0.34021,0.34021,0.33528,0.33528,0.33528,181756
2017-06-13,0.33528,0.34021,0.33528,0.34021,0.34021,158197
2017-06-14,0.33528,0.355,0.33528,0.33528,0.33528,51552
2017-06-15,0.33528,0.33528,0.33528,0.33528,0.33528,36873
2017-06-16,0.32542,0.32542,0.32542,0.32542,0.32542,2028
2017-06-19,0.27610999999999997,0.30569,0.27610999999999997,0.30569,0.30569,40826
2017-06-20,0.30569,0.31556,0.30569,0.30569,0.30569,57597
2017-06-21,0.31556,0.31556,0.27610999999999997,0.27610999999999997,0.27610999999999997,272127
2017-06-22,0.29583000000000004,0.29583000000000004,0.27610999999999997,0.27610999999999997,0.27610999999999997,10321
2017-06-23,0.28104,0.29583000000000004,0.28104,0.29583000000000004,0.29583000000000004,33343
2017-06-26,0.28597,0.28597,0.27610999999999997,0.28597,0.28597,98263
2017-06-27,0.28104,0.29583000000000004,0.28104,0.29583000000000004,0.29583000000000004,81093
2017-06-28,0.29583000000000004,0.31556,0.28597,0.29583000000000004,0.29583000000000004,13692
2017-06-29,0.30075999999999997,0.30075999999999997,0.30075999999999997,0.30075999999999997,0.30075999999999997,2545
2017-06-30,0.29583000000000004,0.29583000000000004,0.26625,0.28104,0.28104,185223
2017-07-03,0.28104,0.28104,0.28104,0.28104,0.28104,0
2017-07-04,0.28104,0.28104,0.28104,0.28104,0.28104,0
2017-07-05,0.27610999999999997,0.27610999999999997,0.27610999999999997,0.27610999999999997,0.27610999999999997,7151
2017-07-06,0.28104,0.28104,0.28104,0.28104,0.28104,86197
2017-07-07,0.28104,0.28597,0.28104,0.28597,0.28597,9285
2017-07-10,0.28597,0.28597,0.28104,0.28104,0.28104,20505
2017-07-11,0.28104,0.28104,0.28104,0.28104,0.28104,0
2017-07-12,0.28597,0.28597,0.28597,0.28597,0.28597,172601
2017-07-13,0.28794000000000003,0.31062,0.28597,0.31062,0.31062,82892
2017-07-14,0.30569,0.31062,0.30569,0.31062,0.31062,24850
2017-07-17,0.28597,0.28597,0.28597,0.28597,0.28597,3330
2017-07-18,0.28597,0.28597,0.28597,0.28597,0.28597,0
2017-07-19,0.28597,0.28597,0.28597,0.28597,0.28597,0
2017-07-20,0.28597,0.28597,0.28597,0.28597,0.28597,91268
2017-07-21,0.28597,0.28597,0.27610999999999997,0.27610999999999997,0.27610999999999997,20955
2017-07-24,0.24653000000000005,0.27118000000000003,0.24653000000000005,0.26625,0.26625,102573
2017-07-25,0.25639,0.25639,0.23667,0.23667,0.23667,13192
2017-07-26,0.25146,0.25639,0.25146,0.25639,0.25639,145200
2017-07-27,0.25146,0.27118000000000003,0.25146,0.26625,0.26625,80800
2017-07-28,0.26625,0.26625,0.26625,0.26625,0.26625,0
2017-07-31,0.27118000000000003,0.27118000000000003,0.27118000000000003,0.27118000000000003,0.27118000000000003,1781
2017-08-01,0.31062,0.31556,0.29583000000000004,0.30569,0.30569,154881
2017-08-02,0.31062,0.31062,0.30569,0.30569,0.30569,22005
2017-08-03,0.30569,0.30569,0.29583000000000004,0.29583000000000004,0.29583000000000004,33104
2017-08-04,0.30075999999999997,0.30075999999999997,0.29583000000000004,0.29583000000000004,0.29583000000000004,32061
2017-08-07,0.29583000000000004,0.29583000000000004,0.29583000000000004,0.29583000000000004,0.29583000000000004,29165
2017-08-08,0.29583000000000004,0.30569,0.28104,0.28104,0.28104,115348
2017-08-09,0.28104,0.28104,0.28104,0.28104,0.28104,4056
2017-08-10,0.28104,0.28104,0.28104,0.28104,0.28104,0
2017-08-11,0.30075999999999997,0.30075999999999997,0.30075999999999997,0.30075999999999997,0.30075999999999997,2028
2017-08-14,0.30075999999999997,0.30075999999999997,0.29583000000000004,0.29583000000000004,0.29583000000000004,44382
2017-08-15,0.29583000000000004,0.29583000000000004,0.29583000000000004,0.29583000000000004,0.29583000000000004,0
2017-08-16,0.29583000000000004,0.29583000000000004,0.27610999999999997,0.27610999999999997,0.27610999999999997,141190
2017-08-17,0.26625,0.26625,0.25639,0.25639,0.25639,24245
2017-08-18,0.26132,0.26625,0.26132,0.26625,0.26625,9938
2017-08-21,0.26625,0.26625,0.26625,0.26625,0.26625,33578
2017-08-22,0.27118000000000003,0.27610999999999997,0.27118000000000003,0.27610999999999997,0.27610999999999997,26904
2017-08-23,0.27610999999999997,0.27610999999999997,0.27610999999999997,0.27610999999999997,0.27610999999999997,0
2017-08-24,0.2909,0.2909,0.2909,0.2909,0.2909,10141
2017-08-25,0.30075999999999997,0.30569,0.30075999999999997,0.30569,0.30569,52262
2017-08-28,0.30569,0.30569,0.30569,0.30569,0.30569,4513
2017-08-29,0.30075999999999997,0.30075999999999997,0.26625,0.27610999999999997,0.27610999999999997,98183
2017-08-30,0.30075999999999997,0.30075999999999997,0.29583000000000004,0.30075999999999997,0.30075999999999997,89644
2017-08-31,0.29583000000000004,0.29583000000000004,0.29583000000000004,0.29583000000000004,0.29583000000000004,17837
2017-09-01,0.29583000000000004,0.29583000000000004,0.29583000000000004,0.29583000000000004,0.29583000000000004,0
2017-09-04,0.30569,0.30569,0.28597,0.29583000000000004,0.29583000000000004,94948
2017-09-05,0.29583000000000004,0.29583000000000004,0.29583000000000004,0.29583000000000004,0.29583000000000004,0
2017-09-06,0.29583000000000004,0.29583000000000004,0.29583000000000004,0.29583000000000004,0.29583000000000004,98176
2017-09-07,0.30569,0.31062,0.30569,0.30569,0.30569,174429
2017-09-08,0.31556,0.33528,0.31556,0.33528,0.33528,92408
2017-09-11,0.33528,0.33528,0.33528,0.33528,0.33528,0
2017-09-12,0.33528,0.33528,0.33528,0.33528,0.33528,0
2017-09-13,0.31556,0.36486,0.30569,0.36486,0.36486,275378
2017-09-14,0.36486,0.36979,0.355,0.355,0.355,134965
2017-09-15,0.355,0.355,0.33528,0.355,0.355,87207
2017-09-18,0.35,0.35,0.35,0.35,0.35,23000
2017-09-19,0.32,0.32,0.3,0.32,0.32,93334
2017-09-20,0.315,0.315,0.31,0.31,0.31,9962
2017-09-21,0.31,0.31,0.295,0.3,0.3,159487
2017-09-22,0.3,0.35,0.3,0.35,0.35,206716
2017-09-25,0.345,0.35,0.33,0.33,0.33,53358
2017-09-26,0.33,0.33,0.33,0.33,0.33,0
2017-09-27,0.33,0.34,0.33,0.34,0.34,7548
2017-09-28,0.33,0.33,0.31,0.32,0.32,34496
2017-09-29,0.32,0.32,0.32,0.32,0.32,0
2017-10-01,0.32,0.32,0.32,0.32,0.32,2000
2017-10-02,0.325,0.33,0.32,0.32,0.32,74458
2017-10-03,0.33,0.33,0.31,0.31,0.31,106378
2017-10-04,0.33,0.33,0.33,0.33,0.33,21212
2017-10-05,0.33,0.34,0.33,0.33,0.33,51097
2017-10-08,0.33,0.335,0.33,0.33,0.33,50566
2017-10-09,0.325,0.35,0.325,0.35,0.35,71830
2017-10-10,0.33,0.33,0.31,0.315,0.315,73000
2017-10-11,0.315,0.315,0.315,0.315,0.315,0
2017-10-12,0.335,0.335,0.315,0.315,0.315,22690
2017-10-15,0.32,0.32,0.32,0.32,0.32,31833
2017-10-16,0.325,0.325,0.32,0.325,0.325,58082
2017-10-17,0.33,0.335,0.33,0.33,0.33,81468
2017-10-18,0.33,0.345,0.33,0.345,0.345,13500
2017-10-19,0.34,0.37,0.34,0.37,0.37,329328
2017-10-22,0.36,0.37,0.36,0.36,0.36,24627
2017-10-23,0.36,0.37,0.35,0.36,0.36,328367
2017-10-24,0.36,0.365,0.35,0.355,0.355,159684
2017-10-25,0.38,0.38,0.37,0.37,0.37,53947
2017-10-26,0.38,0.38,0.37,0.38,0.38,46118
2017-10-29,0.38,0.39,0.365,0.365,0.365,104608
2017-10-30,0.365,0.365,0.365,0.365,0.365,0
2017-10-31,0.37,0.37,0.37,0.37,0.37,25000
2017-11-01,0.37,0.37,0.355,0.355,0.355,80181
2017-11-02,0.355,0.362,0.355,0.36,0.36,36493
2017-11-05,0.36,0.36,0.355,0.355,0.355,86293
2017-11-06,0.355,0.38,0.355,0.38,0.38,154757
2017-11-07,0.365,0.365,0.365,0.365,0.365,1796
2017-11-08,0.38,0.38,0.375,0.375,0.375,12545
2017-11-09,0.375,0.375,0.375,0.375,0.375,16522
2017-11-12,0.375,0.375,0.365,0.365,0.365,35852
2017-11-13,0.36,0.36,0.355,0.355,0.355,43111
2017-11-14,0.36,0.36,0.36,0.36,0.36,12232
2017-11-15,0.36,0.36,0.36,0.36,0.36,0
2017-11-16,0.36,0.36,0.36,0.36,0.36,0
2017-11-19,0.36,0.37,0.36,0.37,0.37,44100
2017-11-20,0.37,0.38,0.37,0.38,0.38,159313
2017-11-21,0.365,0.365,0.36,0.365,0.365,10283
2017-11-22,0.37,0.37,0.37,0.37,0.37,30073
2017-11-23,0.37,0.37,0.37,0.37,0.37,0
2017-11-26,0.37,0.38,0.37,0.38,0.38,37797
2017-11-27,0.375,0.38,0.375,0.375,0.375,16607
2017-11-28,0.37,0.37,0.37,0.37,0.37,44097
2017-11-29,0.37,0.37,0.37,0.37,0.37,13168
2017-11-30,0.38,0.38,0.37,0.37,0.37,28483
2017-12-03,0.37,0.37,0.36,0.36,0.36,54781
2017-12-04,0.36,0.36,0.36,0.36,0.36,20000
2017-12-05,0.35,0.36,0.35,0.35,0.35,141437
2017-12-06,0.32,0.325,0.315,0.32,0.32,234286
2017-12-07,0.32,0.32,0.32,0.32,0.32,30964
2017-12-10,0.325,0.345,0.325,0.345,0.345,86473
2017-12-11,0.345,0.355,0.345,0.355,0.355,129254
2017-12-12,0.35,0.355,0.345,0.35,0.35,336927
2017-12-13,0.33,0.35,0.33,0.34,0.34,100784
2017-12-14,0.33,0.34,0.33,0.34,0.34,118399
2017-12-17,0.34,0.355,0.34,0.35,0.35,283410
2017-12-18,0.35,0.35,0.35,0.35,0.35,50000
2017-12-19,0.345,0.355,0.335,0.355,0.355,125662
2017-12-20,0.36,0.365,0.36,0.36,0.36,14258
2017-12-21,0.36,0.36,0.355,0.36,0.36,30346
2017-12-26,0.36,0.36,0.355,0.36,0.36,36255
2017-12-27,0.35,0.35,0.35,0.35,0.35,186486
2017-12-28,0.35,0.36,0.345,0.36,0.36,153129
2018-01-01,0.36,0.38,0.36,0.37,0.37,47320
2018-01-02,0.37,0.37,0.36,0.36,0.36,36646
2018-01-03,0.36,0.365,0.36,0.365,0.365,108424
2018-01-04,0.365,0.365,0.36,0.365,0.365,75261
2018-01-07,0.365,0.37,0.36,0.37,0.37,178623
2018-01-08,0.37,0.38,0.37,0.38,0.38,213124
2018-01-09,0.38,0.38,0.375,0.375,0.375,29000
2018-01-10,0.37,0.375,0.37,0.37,0.37,107571
2018-01-11,0.37,0.385,0.37,0.385,0.385,254656
2018-01-14,0.38,0.385,0.38,0.385,0.385,13636
2018-01-15,0.385,0.39,0.385,0.39,0.39,278889
2018-01-16,0.385,0.39,0.385,0.39,0.39,165167
2018-01-17,0.385,0.39,0.385,0.39,0.39,182500
2018-01-18,0.385,0.395,0.385,0.395,0.395,242514
2018-01-21,0.395,0.4,0.385,0.385,0.385,167500
2018-01-22,0.385,0.385,0.385,0.385,0.385,50032
2018-01-23,0.39,0.395,0.39,0.395,0.395,82618
2018-01-24,0.39,0.395,0.39,0.395,0.395,82126
2018-01-28,0.39,0.4,0.39,0.395,0.395,197725
2018-01-29,0.39,0.395,0.385,0.395,0.395,208474
2018-01-30,0.385,0.385,0.385,0.385,0.385,151605
2018-01-31,0.38,0.38,0.37,0.38,0.38,80448
2018-02-01,0.37,0.37,0.37,0.37,0.37,17872
2018-02-04,0.35,0.365,0.35,0.365,0.365,184096
2018-02-05,0.35,0.35,0.32,0.325,0.325,135455
2018-02-06,0.33,0.37,0.33,0.37,0.37,104534
2018-02-07,0.37,0.38,0.37,0.38,0.38,57498
2018-02-08,0.37,0.38,0.37,0.38,0.38,44907
2018-02-11,0.385,0.385,0.38,0.38,0.38,53300
2018-02-12,0.37,0.38,0.37,0.38,0.38,9048
2018-02-13,0.38,0.38,0.375,0.38,0.38,66093
2018-02-14,0.385,0.395,0.385,0.395,0.395,208667
2018-02-15,0.395,0.395,0.39,0.39,0.39,177277
2018-02-18,0.39,0.39,0.39,0.39,0.39,66268
2018-02-19,0.39,0.39,0.35,0.36,0.36,184219
2018-02-20,0.36,0.38,0.36,0.38,0.38,26508
2018-02-21,0.38,0.38,0.38,0.38,0.38,0
2018-02-22,0.365,0.37,0.365,0.365,0.365,96612
2018-02-25,0.37,0.37,0.34,0.34,0.34,251702
2018-02-26,0.34,0.35,0.34,0.345,0.345,165321
2018-02-27,0.34,0.345,0.34,0.34,0.34,145828
2018-02-28,0.34,0.34,0.34,0.34,0.34,37000
2018-03-01,0.345,0.36,0.34,0.35,0.35,75560
2018-03-04,0.35,0.35,0.35,0.35,0.35,38000
2018-03-05,0.35,0.35,0.35,0.35,0.35,0
2018-03-06,0.355,0.355,0.35,0.35,0.35,24216
2018-03-07,0.35,0.355,0.345,0.35,0.35,111771
2018-03-08,0.35,0.35,0.35,0.35,0.35,34031
2018-03-11,0.35,0.355,0.35,0.355,0.355,174342
2018-03-12,0.355,0.355,0.355,0.355,0.355,32712
2018-03-13,0.355,0.355,0.355,0.355,0.355,76689
2018-03-14,0.355,0.355,0.335,0.335,0.335,93181
2018-03-15,0.345,0.345,0.33,0.33,0.33,57925
2018-03-18,0.335,0.335,0.335,0.335,0.335,16876
2018-03-19,0.335,0.335,0.335,0.335,0.335,16876
2018-03-20,0.345,0.345,0.34,0.34,0.34,150000
2018-03-21,0.335,0.335,0.33,0.33,0.33,85527
2018-03-22,0.33,0.33,0.33,0.33,0.33,37087
2018-03-25,0.33,0.33,0.32,0.33,0.33,110000
2018-03-26,0.325,0.335,0.325,0.325,0.325,28842
2018-03-27,0.325,0.325,0.325,0.325,0.325,10000
2018-03-28,0.325,0.33,0.315,0.33,0.33,107088
2018-04-03,0.33,0.33,0.3,0.3,0.3,38742
2018-04-04,0.32,0.32,0.31,0.31,0.31,83770
2018-04-05,0.32,0.32,0.315,0.315,0.315,26118
2018-04-06,0.315,0.315,0.315,0.315,0.315,3000
2018-04-09,0.31,0.31,0.305,0.305,0.305,13550
2018-04-10,0.305,0.305,0.3,0.3,0.3,31610
2018-04-11,0.315,0.315,0.315,0.315,0.315,25882
2018-04-12,0.32,0.32,0.32,0.32,0.32,1110
2018-04-13,0.31,0.32,0.3,0.32,0.32,150992
2018-04-16,0.305,0.305,0.3,0.3,0.3,66855
2018-04-17,0.31,0.315,0.305,0.315,0.315,87913
2018-04-18,0.31,0.31,0.31,0.31,0.31,3225
2018-04-19,0.32,0.325,0.32,0.325,0.325,32904
2018-04-20,0.32,0.32,0.31,0.31,0.31,81776
2018-04-23,0.31,0.31,0.31,0.31,0.31,1456
2018-04-24,0.31,0.31,0.31,0.31,0.31,20000
2018-04-26,0.31,0.31,0.31,0.31,0.31,22219
2018-04-27,0.3,0.315,0.3,0.31,0.31,72394
2018-04-30,0.31,0.31,0.31,0.31,0.31,89166
2018-05-01,0.31,0.33,0.31,0.33,0.33,183106
2018-05-02,0.33,0.33,0.32,0.32,0.32,178645
2018-05-03,0.32,0.34,0.32,0.335,0.335,38402
2018-05-04,0.33,0.33,0.325,0.325,0.325,42727
2018-05-07,0.33,0.335,0.33,0.335,0.335,40330
2018-05-08,0.35,0.36,0.34,0.35,0.35,59729
2018-05-09,0.36,0.38,0.36,0.375,0.375,240285
2018-05-10,0.375,0.375,0.375,0.375,0.375,30812
2018-05-11,0.38,0.385,0.36,0.375,0.375,144805
2018-05-14,0.375,0.385,0.375,0.385,0.385,55149
2018-05-15,0.385,0.405,0.385,0.4,0.4,491879
2018-05-16,0.4,0.405,0.4,0.4,0.4,214919
2018-05-17,0.4,0.4,0.375,0.395,0.395,86353
2018-05-18,0.4,0.4,0.375,0.385,0.385,412254
2018-05-21,0.385,0.385,0.385,0.385,0.385,8939
2018-05-22,0.375,0.375,0.37,0.375,0.375,23401
2018-05-23,0.37,0.375,0.37,0.375,0.375,33355
2018-05-24,0.37,0.37,0.37,0.37,0.37,41165
2018-05-25,0.36,0.36,0.33,0.34,0.34,796542
2018-05-28,0.35,0.355,0.34,0.35,0.35,113067
2018-05-29,0.345,0.345,0.345,0.345,0.345,36114
2018-05-30,0.345,0.35,0.345,0.35,0.35,63546
2018-05-31,0.35,0.37,0.35,0.37,0.37,39438
2018-06-01,0.35,0.35,0.35,0.35,0.35,26404
2018-06-04,0.34,0.35,0.33,0.34,0.34,299484
2018-06-05,0.34,0.35,0.34,0.35,0.35,65018
2018-06-06,0.34,0.355,0.34,0.355,0.355,51706
2018-06-07,0.35,0.37,0.35,0.37,0.37,69292
2018-06-08,0.37,0.38,0.37,0.38,0.38,95943
2018-06-12,0.38,0.385,0.38,0.385,0.385,104240
2018-06-13,0.38,0.38,0.35,0.365,0.365,109740
2018-06-14,0.365,0.37,0.365,0.365,0.365,13357
2018-06-15,0.38,0.38,0.35,0.355,0.355,164054
2018-06-18,0.355,0.375,0.355,0.365,0.365,34727
2018-06-19,0.365,0.365,0.36,0.36,0.36,56770
2018-06-20,0.36,0.36,0.35,0.35,0.35,18088
2018-06-21,0.35,0.355,0.345,0.35,0.35,159719
2018-06-22,0.345,0.355,0.345,0.355,0.355,8728
2018-06-25,0.355,0.36,0.35,0.36,0.36,49363
2018-06-26,0.35,0.35,0.35,0.35,0.35,86658
2018-06-27,0.35,0.35,0.345,0.345,0.345,78731
2018-06-28,0.345,0.345,0.34,0.34,0.34,83176
2018-06-29,0.34,0.35,0.34,0.35,0.35,26998
2018-07-02,0.34,0.34,0.34,0.34,0.34,30000
2018-07-03,0.345,0.345,0.34,0.34,0.34,50384
2018-07-04,0.34,0.345,0.34,0.345,0.345,37209
2018-07-05,0.345,0.345,0.345,0.345,0.345,5209
2018-07-06,0.345,0.345,0.345,0.345,0.345,5209
2018-07-09,0.36,0.36,0.36,0.36,0.36,48870
2018-07-10,0.365,0.365,0.36,0.36,0.36,54528
2018-07-11,0.365,0.365,0.36,0.36,0.36,54528
2018-07-12,0.34,0.34,0.33,0.33,0.33,14913
2018-07-13,0.33,0.33,0.33,0.33,0.33,48
2018-07-16,0.33,0.33,0.33,0.33,0.33,0
2018-07-17,0.355,0.355,0.34,0.34,0.34,4184
2018-07-18,0.34,0.34,0.33,0.33,0.33,30518
2018-07-19,0.355,0.355,0.355,0.355,0.355,1542
2018-07-20,0.355,0.355,0.33,0.33,0.33,21772
2018-07-23,0.335,0.335,0.33,0.33,0.33,41742
2018-07-24,0.325,0.325,0.325,0.325,0.325,10688
2018-07-25,0.325,0.335,0.325,0.335,0.335,24600
2018-07-26,0.335,0.335,0.335,0.335,0.335,0
2018-07-27,0.335,0.335,0.335,0.335,0.335,0
2018-07-30,0.33,0.33,0.33,0.33,0.33,15500
2018-07-31,0.34,0.34,0.34,0.34,0.34,113999
2018-08-01,0.34,0.34,0.335,0.335,0.335,33000
2018-08-02,0.33,0.335,0.33,0.335,0.335,17030
2018-08-03,0.335,0.335,0.33,0.33,0.33,23564
2018-08-06,0.33,0.33,0.33,0.33,0.33,30000
2018-08-07,0.33,0.33,0.33,0.33,0.33,67794
2018-08-08,0.33,0.335,0.33,0.33,0.33,71761
2018-08-09,0.325,0.325,0.325,0.325,0.325,8428
2018-08-10,0.325,0.325,0.325,0.325,0.325,0
2018-08-13,0.34,0.34,0.33,0.33,0.33,28774
2018-08-14,0.335,0.34,0.33,0.33,0.33,51714
2018-08-15,0.33,0.33,0.325,0.33,0.33,25217
2018-08-16,0.33,0.345,0.33,0.34,0.34,45414
2018-08-17,0.34,0.34,0.335,0.335,0.335,63505
2018-08-20,0.33,0.33,0.33,0.33,0.33,33770
2018-08-21,0.33,0.33,0.325,0.325,0.325,61615
2018-08-22,0.325,0.33,0.325,0.33,0.33,19754
2018-08-23,0.33,0.34,0.32,0.32,0.32,82492
2018-08-24,0.33,0.33,0.33,0.33,0.33,2810
2018-08-27,0.33,0.33,0.33,0.33,0.33,28546
2018-08-28,0.33,0.335,0.33,0.335,0.335,35750
2018-08-29,0.337,0.337,0.337,0.3375,0.3375,832
2018-08-30,0.32,0.345,0.32,0.34,0.34,384775
2018-08-31,0.345,0.35,0.345,0.35,0.35,86888
2018-09-03,0.34,0.34,0.34,0.34,0.34,7703
2018-09-04,0.35,0.35,0.35,0.35,0.35,3000
2018-09-05,0.34,0.34,0.33,0.33,0.33,89023
2018-09-06,0.335,0.335,0.31,0.31,0.31,190786
2018-09-07,0.32,0.32,0.315,0.315,0.315,237675
2018-09-10,0.32,0.32,0.32,0.32,0.32,53800
2018-09-11,0.32,0.32,0.32,0.32,0.32,182955
2018-09-12,0.32,0.32,0.31,0.31,0.31,145290
2018-09-13,0.31,0.31,0.3,0.31,0.31,289886
2018-09-14,0.31,0.31,0.31,0.31,0.31,34131
2018-09-17,0.31,0.31,0.31,0.31,0.31,13764
2018-09-18,0.31,0.31,0.31,0.31,0.31,0
2018-09-19,0.31,0.31,0.31,0.31,0.31,0
2018-09-20,0.32,0.33,0.32,0.33,0.33,37999
2018-09-21,0.325,0.325,0.325,0.325,0.325,14300
2018-09-24,0.325,0.335,0.325,0.325,0.325,20628
2018-09-25,0.33,0.33,0.33,0.33,0.33,4189
2018-09-26,0.33,0.33,0.33,0.33,0.33,15473
2018-09-27,0.33,0.33,0.33,0.33,0.33,0
2018-09-28,0.33,0.33,0.33,0.33,0.33,73723
2018-10-01,0.33,0.33,0.33,0.33,0.33,7000
2018-10-02,0.33,0.33,0.33,0.33,0.33,0
2018-10-03,0.33,0.33,0.31,0.31,0.31,60253
2018-10-04,0.31,0.31,0.31,0.31,0.31,84616
2018-10-05,0.31,0.31,0.31,0.31,0.31,38798
2018-10-07,0.31,0.31,0.3,0.3,0.3,30000
2018-10-08,0.31,0.31,0.31,0.31,0.31,7023
2018-10-09,0.31,0.31,0.3,0.3,0.3,90835
2018-10-10,0.3,0.3,0.29,0.29,0.29,161781
2018-10-11,0.27,0.32,0.27,0.32,0.32,111269
2018-10-14,0.32,0.32,0.32,0.32,0.32,178000
2018-10-15,0.32,0.32,0.32,0.32,0.32,10000
2018-10-16,0.325,0.33,0.32,0.33,0.33,185219
2018-10-17,0.335,0.335,0.33,0.33,0.33,104138
2018-10-18,0.315,0.315,0.315,0.315,0.315,89342
2018-10-21,0.315,0.315,0.315,0.315,0.315,92659
2018-10-22,0.315,0.315,0.305,0.305,0.305,133800
2018-10-23,0.305,0.305,0.305,0.305,0.305,103220
2018-10-24,0.305,0.305,0.3,0.3,0.3,287050
2018-10-25,0.3,0.3,0.3,0.3,0.3,0
2018-10-28,0.3,0.3,0.3,0.3,0.3,1870
2018-10-29,0.31,0.31,0.31,0.31,0.31,7500
2018-10-30,0.31,0.31,0.31,0.31,0.31,5500
2018-10-31,0.3,0.3,0.295,0.295,0.295,81582
2018-11-01,0.295,0.295,0.295,0.295,0.295,7158
2018-11-04,0.295,0.295,0.295,0.295,0.295,141796
2018-11-05,0.295,0.295,0.295,0.295,0.295,0
2018-11-06,0.305,0.33,0.305,0.33,0.33,4000
2018-11-07,0.305,0.305,0.305,0.305,0.305,10000
2018-11-08,0.31,0.31,0.31,0.31,0.31,24875
2018-11-11,0.31,0.31,0.31,0.31,0.31,15125
2018-11-12,0.31,0.31,0.31,0.31,0.31,0
2018-11-13,0.31,0.31,0.305,0.305,0.305,77000
2018-11-14,0.305,0.305,0.305,0.305,0.305,0
2018-11-15,0.305,0.305,0.305,0.305,0.305,0
2018-11-18,0.305,0.305,0.305,0.305,0.305,0
2018-11-19,0.315,0.315,0.315,0.315,0.315,47085
2018-11-20,0.315,0.315,0.315,0.315,0.315,41500
2018-11-21,0.315,0.325,0.315,0.325,0.325,41233
2018-11-22,0.315,0.325,0.315,0.325,0.325,41233
2018-11-25,0.325,0.325,0.325,0.325,0.325,31190
2018-11-26,0.32,0.325,0.32,0.325,0.325,63524
2018-11-27,0.32,0.32,0.315,0.32,0.32,20182
2018-11-28,0.315,0.32,0.31,0.32,0.32,54000
2018-11-29,0.32,0.32,0.32,0.32,0.32,0
2018-12-02,0.33,0.33,0.31,0.31,0.31,6593
2018-12-03,0.31,0.31,0.31,0.31,0.31,0
2018-12-04,0.31,0.31,0.31,0.31,0.31,0
2018-12-05,0.315,0.315,0.315,0.315,0.315,35827
2018-12-06,0.305,0.305,0.305,0.305,0.305,28390
2018-12-09,0.31,0.31,0.305,0.305,0.305,98762
2018-12-10,0.315,0.33,0.315,0.33,0.33,34006
2018-12-11,0.325,0.33,0.325,0.33,0.33,46027
2018-12-12,0.33,0.33,0.33,0.33,0.33,0
2018-12-13,0.33,0.33,0.33,0.33,0.33,0
2018-12-16,0.32,0.325,0.31,0.325,0.325,89910
2018-12-17,0.32,0.32,0.32,0.32,0.32,15700
2018-12-18,0.32,0.32,0.315,0.315,0.315,23167
2018-12-19,0.31,0.31,0.305,0.31,0.31,222708
2018-12-20,0.3,0.31,0.3,0.31,0.31,56500
2018-12-23,0.3,0.3,0.29,0.29,0.29,68000
2018-12-26,0.3,0.3,0.3,0.3,0.3,92000
2018-12-27,0.32,0.32,0.29,0.29,0.29,204550
2018-12-30,0.29,0.29,0.29,0.29,0.29,0
2019-01-01,0.29,0.29,0.29,0.29,0.29,0
2019-01-02,0.29,0.29,0.29,0.29,0.29,0
2019-01-03,0.29,0.29,0.29,0.29,0.29,0
2019-01-06,0.29,0.29,0.29,0.29,0.29,0
2019-01-07,0.32,0.32,0.315,0.315,0.315,14525
2019-01-08,0.32,0.33,0.315,0.315,0.315,67239
2019-01-09,0.3,0.3,0.3,0.3,0.3,10654
2019-01-10,0.3,0.3,0.3,0.3,0.3,25345
2019-01-13,0.3,0.3,0.3,0.3,0.3,53060
2019-01-14,0.3,0.3,0.3,0.3,0.3,0
2019-01-15,0.3,0.3,0.3,0.3,0.3,0
2019-01-16,0.3,0.3,0.3,0.3,0.3,45450
2019-01-17,0.3,0.3,0.3,0.3,0.3,45450
2019-01-20,0.295,0.32,0.295,0.32,0.32,66607
2019-01-21,0.32,0.32,0.32,0.32,0.32,0
2019-01-22,0.32,0.32,0.32,0.32,0.32,42228
2019-01-23,0.32,0.32,0.32,0.32,0.32,1219
2019-01-24,0.32,0.32,0.32,0.32,0.32,17902
2019-01-28,0.32,0.32,0.32,0.32,0.32,0
2019-01-29,0.305,0.305,0.3,0.3,0.3,97421
2019-01-30,0.31,0.31,0.31,0.31,0.31,14708
2019-01-31,0.31,0.31,0.31,0.31,0.31,0
2019-02-03,0.31,0.31,0.31,0.31,0.31,2683
2019-02-04,0.3,0.3,0.3,0.3,0.3,2145
2019-02-05,0.3,0.3,0.3,0.3,0.3,13034
2019-02-06,0.31,0.32,0.31,0.32,0.32,130552
2019-02-07,0.31,0.32,0.31,0.32,0.32,130552
2019-02-10,0.3,0.31,0.3,0.31,0.31,82457
2019-02-11,0.305,0.31,0.3,0.3,0.3,125519
2019-02-12,0.31,0.31,0.31,0.31,0.31,50000
2019-02-13,0.3,0.3,0.3,0.3,0.3,2000
2019-02-14,0.3,0.3,0.3,0.3,0.3,3970
2019-02-17,0.305,0.305,0.305,0.305,0.305,3229
2019-02-18,0.305,0.305,0.305,0.305,0.305,3229
2019-02-19,0.305,0.305,0.305,0.305,0.305,0
2019-02-20,0.305,0.305,0.305,0.305,0.305,0
2019-02-21,0.3,0.3,0.3,0.3,0.3,2000
2019-02-24,0.3,0.32,0.3,0.315,0.315,227167
2019-02-25,0.32,0.325,0.32,0.325,0.325,198672
2019-02-26,0.305,0.305,0.305,0.305,0.305,8915
2019-02-27,0.31,0.31,0.29,0.29,0.29,111380
2019-02-28,0.29,0.305,0.29,0.305,0.305,23521
2019-03-03,0.3,0.3,0.295,0.3,0.3,605734
2019-03-04,0.29,0.3,0.29,0.29,0.29,43348
2019-03-05,0.29,0.3,0.29,0.3,0.3,344463
2019-03-06,0.3,0.3,0.29,0.29,0.29,54892
2019-03-07,0.3,0.31,0.3,0.31,0.31,94377
2019-03-10,0.31,0.31,0.3,0.3,0.3,86000
2019-03-11,0.3,0.31,0.3,0.31,0.31,210000
2019-03-12,0.3,0.3,0.295,0.295,0.295,30493
2019-03-13,0.295,0.295,0.295,0.295,0.295,0
2019-03-14,0.295,0.295,0.295,0.295,0.295,4470
2019-03-17,0.295,0.295,0.295,0.295,0.295,14340
2019-03-18,0.295,0.295,0.295,0.295,0.295,15518
2019-03-19,0.29,0.29,0.29,0.29,0.29,4202
2019-03-20,0.29,0.29,0.29,0.29,0.29,4920
2019-03-21,0.295,0.295,0.295,0.295,0.295,10000
2019-03-24,0.29,0.3,0.29,0.3,0.3,35478
2019-03-25,0.295,0.295,0.29,0.29,0.29,20706
2019-03-26,0.29,0.29,0.29,0.29,0.29,8988
2019-03-27,0.29,0.29,0.29,0.29,0.29,61048
2019-03-28,0.29,0.29,0.285,0.285,0.285,33693
2019-03-31,0.28,0.285,0.28,0.285,0.285,5287
2019-04-01,0.285,0.29,0.285,0.29,0.29,26799
2019-04-02,0.285,0.285,0.28,0.28,0.28,36333
2019-04-03,0.28,0.28,0.28,0.28,0.28,47482
2019-04-04,0.28,0.28,0.28,0.28,0.28,0
2019-04-08,0.285,0.29,0.285,0.29,0.29,57336
2019-04-09,0.285,0.3,0.285,0.3,0.3,396300
2019-04-10,0.285,0.295,0.285,0.295,0.295,298172
2019-04-11,0.295,0.295,0.295,0.295,0.295,86006
2019-04-12,0.295,0.295,0.295,0.295,0.295,300594
2019-04-15,0.295,0.295,0.295,0.295,0.295,143464
2019-04-16,0.29,0.29,0.285,0.285,0.285,13785
2019-04-17,0.285,0.285,0.285,0.285,0.285,0
2019-04-18,0.29,0.29,0.285,0.285,0.285,21294
2019-04-23,0.285,0.285,0.285,0.285,0.285,5038
2019-04-24,0.285,0.285,0.285,0.285,0.285,6583
2019-04-26,0.285,0.285,0.285,0.285,0.285,32857
2019-04-29,0.285,0.295,0.285,0.295,0.295,115533
2019-04-30,0.28,0.28,0.28,0.28,0.28,4267
2019-05-01,0.28,0.28,0.28,0.28,0.28,0
2019-05-02,0.28,0.28,0.28,0.28,0.28,0
2019-05-03,0.285,0.285,0.28,0.28,0.28,56588
2019-05-06,0.28,0.28,0.28,0.28,0.28,0
2019-05-07,0.28,0.28,0.28,0.28,0.28,35630
2019-05-08,0.28,0.28,0.28,0.28,0.28,45576
2019-05-09,0.28,0.28,0.28,0.28,0.28,47000
2019-05-10,0.28,0.28,0.28,0.28,0.28,36000
2019-05-15,0.26,0.26,0.26,0.26,0.26,0
2019-05-16,0.26,0.26,0.26,0.26,0.26,0
2019-05-17,0.255,0.285,0.25,0.25,0.25,94342
2019-05-20,0.25,0.25,0.25,0.25,0.25,117548
2019-05-21,0.25,0.25,0.25,0.25,0.25,0
2019-05-22,0.245,0.245,0.22,0.235,0.235,166849
2019-05-23,0.235,0.25,0.235,0.25,0.25,108597
2019-05-24,0.25,0.27,0.25,0.27,0.27,250033
2019-05-27,0.27,0.27,0.26,0.26,0.26,228712
2019-05-28,0.26,0.26,0.26,0.26,0.26,6111
2019-05-29,0.26,0.26,0.25,0.25,0.25,11543
2019-05-30,0.25,0.25,0.25,0.25,0.25,0
2019-05-31,0.26,0.275,0.255,0.275,0.275,12952
2019-06-03,0.275,0.275,0.27,0.27,0.27,71407
2019-06-04,0.26,0.26,0.26,0.26,0.26,3538
2019-06-05,0.25,0.27,0.25,0.27,0.27,42660
